relationship	source	target	output	correct (manual)	structure_types	wrong_honorific_types	honorific_types
あなたは山本に敬語を使いません。あなたと山本は木村に敬語を使いません。	木村に山本が与える。	木村に山本が与える。	木村に山本が与えられる	0	scrambling#		NA#
あなたは鈴木に敬語を使いません。あなたと鈴木は佐々木さんに敬語を使います。	鈴木に佐々木さんが感謝する。	鈴木に佐々木さんが感謝なさる。	佐々木さんが鈴木に感謝します	0	scrambling#		SH#
あなたは中村に敬語を使いません。あなたと中村は井上さんに敬語を使います。	井上さんに中村が依頼する。	井上さんに中村がご依頼する。	井上さんに、中村がお願いします	0	scrambling#		OH1#
あなたは高橋社長に敬語を使います。あなたと高橋社長は山田先生に敬語を使います。	高橋社長に山田先生が会う。	高橋社長に山田先生がお会いになる。	高橋社長が山田先生に会う	0	scrambling#		SH#
あなたは鈴木さんに敬語を使います。あなたと鈴木さんは中村先輩に敬語を使います。	中村先輩に鈴木さんが依頼する。	中村先輩に鈴木さんがご依頼する。	中村先輩に、鈴木さんからの依頼を受けます	0	scrambling#		OH1#
あなたは林に敬語を使いません。あなたと林は山田に敬語を使いません。	山田を林が見送る。	山田を林が見送る。	山田を林がお見送りします	0	scrambling#		NA#
あなたは松本に敬語を使いません。あなたと松本は山本社長に敬語を使います。	松本を山本社長が紹介する。	松本を山本社長が紹介なさる。	松本を山本社長がご紹介します	0	scrambling#		SH#
あなたは斎藤に敬語を使いません。あなたと斎藤は加藤先輩に敬語を使います。	加藤先輩を斎藤が手伝う。	加藤先輩を斎藤がお手伝いする。	斎藤が加藤先輩に手伝ってくださいます	0	scrambling#		OH1#
あなたは加藤社長に敬語を使います。あなたと加藤社長は小林教授に敬語を使います。	加藤社長を小林教授が呼ぶ。	加藤社長を小林教授がお呼びになる。	小林教授が加藤社長をお呼びになる	1	scrambling#		SH#
あなたは高橋さんに敬語を使います。あなたと高橋さんは加藤様に敬語を使います。	加藤様を高橋さんが見送る。	加藤様を高橋さんがお見送りする。	高橋さんが加藤様をお見送りします	1	scrambling#		OH1#
あなたは田中に敬語を使いません。あなたと田中は加藤に敬語を使いません。	田中が加藤が食べると思う。	田中が加藤が食べると思う。	田中さんが加藤さんが食べると思います	1	indirect-speech#center-embedding		NA#NA
あなたは田中に敬語を使いません。あなたと田中は高橋先輩に敬語を使います。	高橋先輩が田中が行くと言う。	高橋先輩が田中が行くとおっしゃる。	高橋先輩が田中さんが行くと言われました	1	indirect-speech#center-embedding		SH#NA
あなたは小林に敬語を使いません。あなたと小林は加藤先生に敬語を使います。	小林が加藤先生が見ると言う。	小林が加藤先生がご覧になると言う。	小林が加藤先生に見られると言う	0	indirect-speech#center-embedding		NA#SH
あなたは山本さんに敬語を使います。あなたと山本さんは山口さんに敬語を使います。	山口さんが山本さんが来ると理解する。	山口さんが山本さんがおいでになるとご理解になる。	山口さんが山本さんが来ることを理解される	0	indirect-speech#center-embedding		SH#SH
あなたは加藤教授に敬語を使います。あなたと加藤教授は渡辺さんに敬語を使います。	加藤教授が渡辺さんが見ると思う。	加藤教授が渡辺さんがご覧になるとお思いになる。	加藤教授が渡辺さんに見えると思います	0	indirect-speech#center-embedding		SH#SH
あなたは佐藤に敬語を使いません。あなたと佐藤は山本に敬語を使いません。	山本が食べると佐藤が理解する。	山本が食べると佐藤が理解する。	山本が食べると、佐藤が理解される	0	indirect-speech#scrambling		NA#NA
あなたは林に敬語を使いません。あなたと林は山田社長に敬語を使います。	林が聞くと山田社長が知る。	林が聞くと山田社長が知りなさる。	林が聞くと山田社長が知らせていただく	0	indirect-speech#scrambling		SH#NA
あなたは中村に敬語を使いません。あなたと中村は山本社長に敬語を使います。	山本社長が見ると中村が考える。	山本社長がご覧になると中村が考える。	山本社長が見たとき、中村が考えると思います	0	indirect-speech#scrambling		NA#SH
あなたは井上様に敬語を使います。あなたと井上様は山口先輩に敬語を使います。	井上様が帰ると山口先輩が思う。	井上様がお帰りになると山口先輩が思いなさる。	井上さまが帰られると、山口先輩が思われるでしょう	1	indirect-speech#scrambling		SH#SH
あなたは田中先生に敬語を使います。あなたと田中先生は小林様に敬語を使います。	小林様が読むと田中先生が理解する。	小林様がお読みになると田中先生が理解なさる。	小林様が読むと田中先生が理解いたします	0	indirect-speech#scrambling		SH#SH
あなたは林に敬語を使いません。あなたと林は山本に敬語を使いません。	林が「山本が受け取る」と考える。	林が「山本が受け取る」と考える。	林が「山本さんが受け取られる」と考える	0	direct-speech#center-embedding		NA#NA
あなたは吉田に敬語を使いません。あなたと吉田は佐々木先生に敬語を使います。	佐々木先生が「吉田が行く」と思う。	佐々木先生が「吉田が行く」とお思いになる。	佐々木先生が「吉田さんが行く」と思われる	1	direct-speech#center-embedding		SH#NA
あなたは伊藤に敬語を使いません。あなたと伊藤は佐藤先輩に敬語を使います。	伊藤が「佐藤先輩が読む」と言う。	伊藤が「佐藤先輩が読みなさる」と言う。	伊藤が「佐藤先輩が読まれる」と言う	1	direct-speech#center-embedding		NA#SH
あなたは木村に敬語を使います。あなたと木村は山口博士に敬語を使います。	山口博士が「木村が読む」と知る。	山口博士が「木村が読む」とご存じである。	山口博士が「木村さんが読む」と知る	0	direct-speech#center-embedding		SH#NA
あなたは山田教授に敬語を使います。あなたと山田教授は小林先生に敬語を使います。	山田教授が「小林先生が見る」と言う。	山田教授が「小林先生がご覧になる」とおっしゃる。	山田教授が「小林先生がご覧になる」と言う	0	direct-speech#center-embedding		SH#SH
あなたは伊藤に敬語を使いません。あなたと伊藤は松本に敬語を使いません。	「松本が受け取る」と伊藤が思う。	「松本が受け取る」と伊藤が思う。	伊藤が「松本さんが受け取る」と思う	1	direct-speech#scrambling		NA#NA
あなたは鈴木に敬語を使いません。あなたと鈴木は加藤様に敬語を使います。	「鈴木が聞く」と加藤様が思う。	「鈴木が聞く」と加藤様がお思いになる。	「鈴木が聞かれる」と加藤様が思われる	0	direct-speech#scrambling		SH#NA
あなたは林に敬語を使いません。あなたと林は佐々木社長に敬語を使います。	「佐々木社長が帰る」と林が理解する。	「佐々木社長がお帰りになる」と林が理解する。	「佐々木社長が帰られる」と林が理解される	0	direct-speech#scrambling		NA#SH
あなたは松本に敬語を使います。あなたと松本は山本先輩に敬語を使います。	「松本が来る」と山本先輩が言う。	「松本が来る」と山本先輩がおっしゃる。	「松本さんが来られる」と山本先輩が言われました	0	direct-speech#scrambling		SH#NA
あなたは山本社長に敬語を使います。あなたと山本社長は山田教授に敬語を使います。	「山田教授が来る」と山本社長が思う。	「山田教授がおいでになる」と山本社長がお思いになる。	「山田教授が来られる」と山本社長が思われる	1	direct-speech#scrambling		SH#SH
あなたは山田に敬語を使いません。あなたと山田は井上に敬語を使いません。	井上に山田がお伝えになる。	井上に山田が伝える。	井上に山田がお伝えになります	0	scrambling#	SH#	NA#
あなたは山口に敬語を使いません。あなたと山口は吉田に敬語を使いません。	吉田に山口が差し上げる。	吉田に山口が与える。	吉田に山口が差し上げられる	0	scrambling#	OH1#	NA#
あなたは渡辺に敬語を使いません。あなたと渡辺は鈴木先輩に敬語を使います。	渡辺に鈴木先輩がお会いする。	渡辺に鈴木先輩がお会いになる。	渡辺さんと鈴木先輩がお会いします	0	scrambling#	OH1#	SH#
あなたは田中に敬語を使いません。あなたと田中は中村先輩に敬語を使います。	中村先輩に田中がお会いになる。	中村先輩に田中がお目にかかる。	中村先輩に田中がお会いになられる	0	scrambling#	SH#	OH1#
あなたは鈴木先輩に敬語を使います。あなたと鈴木先輩は山本博士に敬語を使います。	鈴木先輩に山本博士が差し上げる。	鈴木先輩に山本博士が与えなさる。	鈴木先輩に山本博士から差し上げられる	0	scrambling#	OH1#	SH#
あなたは田中先輩に敬語を使います。あなたと田中先輩は鈴木社長に敬語を使います。	鈴木社長に田中先輩がお会いになる。	鈴木社長に田中先輩がお会いする。	田中先輩が鈴木社長にお会いになる	0	scrambling#	SH#	OH1#
あなたは松本に敬語を使いません。あなたと松本は林に敬語を使いません。	林を松本が呼びなさる。	林を松本が呼ぶ。	林を松本さんが呼びなさいます	0	scrambling#	SH#	NA#
あなたは佐藤に敬語を使いません。あなたと佐藤は松本に敬語を使いません。	松本を佐藤がお呼びする。	松本を佐藤が呼ぶ。	佐藤が松本をお呼びします	0	scrambling#	OH1#	NA#
あなたは伊藤に敬語を使いません。あなたと伊藤は田中さんに敬語を使います。	伊藤を田中さんがお待ちする。	伊藤を田中さんが待ちなさる。	伊藤を田中さんがお待ちしております	0	scrambling#	OH1#	SH#
あなたは山本に敬語を使いません。あなたと山本は佐々木教授に敬語を使います。	佐々木教授を山本が見送りなさる。	佐々木教授を山本がお見送りする。	山本が佐々木教授を見送りなさいます	0	scrambling#	SH#	OH1#
あなたは山田先生に敬語を使います。あなたと山田先生は林先生に敬語を使います。	山田先生を林先生がお待ちする。	山田先生を林先生が待ちなさる。	林先生が山田先生をお待ちしております	0	scrambling#	OH1#	SH#
あなたは木村教授に敬語を使います。あなたと木村教授は伊藤博士に敬語を使います。	伊藤博士を木村教授が紹介なさる。	伊藤博士を木村教授がご紹介する。	伊藤博士を木村教授が紹介される	1	scrambling#	SH#	OH1#
あなたは渡辺に敬語を使いません。あなたと渡辺は山田に敬語を使いません。	渡辺が山田が行くとお思いになる。	渡辺が山田が行くと思う。	渡辺が山田さんが行くと思われる	0	indirect-speech#center-embedding	SH#	NA#NA
あなたは渡辺に敬語を使いません。あなたと渡辺は木村に敬語を使いません。	渡辺が木村が見ると考えなさる。	渡辺が木村が見ると考える。	渡辺が木村が見ていると考えられる	0	indirect-speech#center-embedding	SH#	NA#NA
あなたは山田に敬語を使いません。あなたと山田は松本様に敬語を使います。	松本様が山田が読むと拝察する。	松本様が山田が読むとお考えになる。	松本様が山田様が読むと拝察される	0	indirect-speech#center-embedding	OH1#NA	SH#NA
あなたは鈴木に敬語を使いません。あなたと鈴木は林様に敬語を使います。	鈴木が林様がおいとますると思う。	鈴木が林様がお帰りになると思う。	鈴木が林様がおいとまされると思います	1	indirect-speech#center-embedding	NA#OH1	NA#SH
あなたは伊藤先輩に敬語を使います。あなたと伊藤先輩は松本様に敬語を使います。	松本様が伊藤先輩がお聞きになると考える。	松本様が伊藤先輩がお聞きになるとお考えになる。	伊藤先輩が松本さまにお聞きになると考えます	0	indirect-speech#center-embedding	NA#SH	SH#SH
あなたは井上社長に敬語を使います。あなたと井上社長は佐藤社長に敬語を使います。	佐藤社長が井上社長が読むとお思いになる。	佐藤社長が井上社長が読みなさると思いなさる。	佐藤社長が井上社長に読んでいただけると思います	0	indirect-speech#center-embedding	SH#NA	SH#SH
あなたは佐々木先生に敬語を使います。あなたと佐々木先生は井上さんに敬語を使います。	井上さんが佐々木先生が召し上がると拝察する。	井上さんが佐々木先生がお食べになるとお考えになる。	井上さんが佐々木先生に召し上がっていただくと拝察します	0	indirect-speech#center-embedding	OH1#SH	SH#SH
あなたは中村先輩に敬語を使います。あなたと中村先輩は鈴木教授に敬語を使います。	鈴木教授が中村先輩が伺うとご存じである。	鈴木教授が中村先輩が行きなさるとご存じである。	中村先輩が鈴木教授に伺うとご存じですか	0	indirect-speech#center-embedding	SH#OH1	SH#SH
あなたは加藤教授に敬語を使います。あなたと加藤教授は井上様に敬語を使います。	井上様が加藤教授がおいとますると拝察する。	井上様が加藤教授がお帰りになると思いなさる。	井上様が加藤先生がおいとまされると拝察いたします	0	indirect-speech#center-embedding	OH1#OH1	SH#SH
あなたは鈴木教授に敬語を使います。あなたと鈴木教授は渡辺博士に敬語を使います。	鈴木教授が渡辺博士がおいでになると言う。	鈴木教授が渡辺博士が行きなさるとおっしゃる。	鈴木教授が渡辺博士がお越しになると言う	0	indirect-speech#center-embedding	NA#SH	SH#SH
あなたは木村様に敬語を使います。あなたと木村様は井上博士に敬語を使います。	木村様が井上博士が聞くと理解なさる。	木村様が井上博士が聞きなさるとご理解になる。	木村さまが井上博士に聞かれると理解される	0	indirect-speech#center-embedding	SH#NA	SH#SH
あなたは斎藤さんに敬語を使います。あなたと斎藤さんは松本博士に敬語を使います。	斎藤さんが松本博士がご覧になると拝察する。	斎藤さんが松本博士がご覧になるとお思いになる。	斎藤さんが松本博士にご覧になっていただけると存じます	0	indirect-speech#center-embedding	OH1#SH	SH#SH
あなたは木村様に敬語を使います。あなたと木村様は小林先輩に敬語を使います。	木村様が小林先輩が伺うと考えなさる。	木村様が小林先輩がおいでになると考えなさる。	木村さまが小林さんに伺うと考えられます	0	indirect-speech#center-embedding	SH#OH1	SH#SH
あなたは木村さんに敬語を使います。あなたと木村さんは加藤教授に敬語を使います。	木村さんが加藤教授がお受け取りすると存じ上げる。	木村さんが加藤教授が受け取りなさるとご存じである。	木村さんが加藤教授にお受け取りいただけることを存じ上げます	0	indirect-speech#center-embedding	OH1#OH1	SH#SH
あなたは山口に敬語を使いません。あなたと山口は吉田に敬語を使いません。	吉田が食べると山口がおっしゃる。	吉田が食べると山口が言う。	吉田が食べると、山口さんがおっしゃいます	0	indirect-speech#scrambling	SH#NA	NA#NA
あなたは山本に敬語を使いません。あなたと山本は佐々木に敬語を使いません。	佐々木が行くと山本が存じ上げる。	佐々木が行くと山本が知る。	佐々木が行くと、山本さんがご存知ですか	0	indirect-speech#scrambling	OH1#NA	NA#NA
あなたは高橋に敬語を使いません。あなたと高橋は伊藤に敬語を使いません。	伊藤がお帰りになると高橋が考える。	伊藤が帰ると高橋が考える。	伊藤さんがお帰りになると、高橋さんが考える	0	indirect-speech#scrambling	NA#SH	NA#NA
あなたは山田に敬語を使いません。あなたと山田は佐藤に敬語を使いません。	佐藤がおいとますると山田が思う。	佐藤が帰ると山田が思う。	佐藤がおいとまされると、山田が思われる	0	indirect-speech#scrambling	NA#OH1	NA#NA
あなたは井上に敬語を使いません。あなたと井上は高橋教授に敬語を使います。	井上が聞くと高橋教授が承知する。	井上が聞くと高橋教授が理解なさる。	井上が聞くと高橋教授が承諾します	0	indirect-speech#scrambling	OH1#NA	SH#NA
あなたは木村に敬語を使いません。あなたと木村は林博士に敬語を使います。	林博士が伺うと木村が理解する。	林博士がおいでになると木村が理解する。	林博士が伺ったと、木村が理解しました	0	indirect-speech#scrambling	NA#OH1	NA#SH
あなたは井上先輩に敬語を使います。あなたと井上先輩は林社長に敬語を使います。	井上先輩が聞きなさると林社長が知る。	井上先輩がお聞きになると林社長がご存じである。	井上先輩が聞き取られると林社長がご存知になります	0	indirect-speech#scrambling	NA#SH	SH#SH
あなたは高橋様に敬語を使います。あなたと高橋様は加藤教授に敬語を使います。	高橋様が帰ると加藤教授がおっしゃる。	高橋様がお帰りになると加藤教授がおっしゃる。	高橋さんが帰ると加藤先生がおっしゃいます	0	indirect-speech#scrambling	SH#NA	SH#SH
あなたは山本先生に敬語を使います。あなたと山本先生は井上教授に敬語を使います。	山本先生がご覧になると井上教授が存じ上げる。	山本先生がご覧になると井上教授が知りなさる。	山本先生がご覧になると、井上教授がご存知であると思います	0	indirect-speech#scrambling	OH1#SH	SH#SH
あなたは井上さんに敬語を使います。あなたと井上さんは斎藤教授に敬語を使います。	井上さんが拝見すると斎藤教授がおっしゃる。	井上さんがご覧になると斎藤教授がおっしゃる。	井上さんが拝見すると斎藤教授がおっしゃいます	0	indirect-speech#scrambling	SH#OH1	SH#SH
あなたは吉田博士に敬語を使います。あなたと吉田博士は井上先輩に敬語を使います。	吉田博士が伺うと井上先輩が拝察する。	吉田博士がお聞きになると井上先輩がお考えになる。	吉田博士が伺うと井上先輩がご拝察いたします	0	indirect-speech#scrambling	OH1#OH1	SH#SH
あなたは井上博士に敬語を使います。あなたと井上博士は加藤社長に敬語を使います。	加藤社長がお食べになると井上博士が言う。	加藤社長が召し上がると井上博士がおっしゃる。	井上博士が「加藤社長様がお食べになられる」と言われました	0	indirect-speech#scrambling	NA#SH	SH#SH
あなたは木村様に敬語を使います。あなたと木村様は渡辺教授に敬語を使います。	渡辺教授が食べると木村様がお思いになる。	渡辺教授が召し上がると木村様が思いなさる。	渡辺教授が食べると木村様がお思いになられる	0	indirect-speech#scrambling	SH#NA	SH#SH
あなたは中村教授に敬語を使います。あなたと中村教授は林博士に敬語を使います。	林博士がお聞きになると中村教授が拝察する。	林博士がお聞きになると中村教授がお考えになる。	中村教授が林博士のお聞きになることを拝見させていただきます	0	indirect-speech#scrambling	OH1#SH	SH#SH
あなたは山本社長に敬語を使います。あなたと山本社長は伊藤教授に敬語を使います。	伊藤教授が頂戴すると山本社長がご理解になる。	伊藤教授が召し上がると山本社長がご理解になる。	伊藤教授が頂戴されると山本社長がご理解いただけると思いま	0	indirect-speech#scrambling	SH#OH1	SH#SH
あなたは山本社長に敬語を使います。あなたと山本社長は田中様に敬語を使います。	田中様が頂戴すると山本社長が拝察する。	田中様がお食べになると山本社長がお考えになる。	山本社長が田中様に頂戴を拝察する	0	indirect-speech#scrambling	OH1#OH1	SH#SH
あなたは伊藤に敬語を使いません。あなたと伊藤は松本に敬語を使いません。	伊藤が「松本が行く」とおっしゃる。	伊藤が「松本が行く」と言う。	伊藤が「松本さんが行かれる」とおっしゃる	0	direct-speech#center-embedding	SH#NA	NA#NA
あなたは吉田に敬語を使いません。あなたと吉田は小林に敬語を使いません。	吉田が「小林が行く」と拝察する。	吉田が「小林が行く」と思う。	吉田が「小林さんが行かれる」と拝察される	0	direct-speech#center-embedding	OH1#NA	NA#NA
あなたは佐々木に敬語を使いません。あなたと佐々木は渡辺に敬語を使いません。	佐々木が「渡辺がおいでになる」と知る。	佐々木が「渡辺が行く」と知る。	佐々木が「渡辺さんがお越しになる」と知る	0	direct-speech#center-embedding	NA#SH	NA#NA
あなたは山本に敬語を使いません。あなたと山本は佐々木に敬語を使いません。	山本が「佐々木が頂戴する」と言う。	山本が「佐々木が食べる」と言う。	山本が「佐々木に頂戴していただく」と言う	0	direct-speech#center-embedding	NA#OH1	NA#NA
あなたは高橋に敬語を使いません。あなたと高橋は山本さんに敬語を使います。	山本さんが「高橋が帰る」と拝察する。	山本さんが「高橋が帰る」と思いなさる。	山本さんが「高橋さんが帰られる」と拝察される	0	direct-speech#center-embedding	OH1#NA	SH#NA
あなたは山田に敬語を使いません。あなたと山田は中村社長に敬語を使います。	山田が「中村社長がお読みする」と知る。	山田が「中村社長がお読みになる」と知る。	山田が「中村社長にお読みいただく」と知る	1	direct-speech#center-embedding	NA#OH1	NA#SH
あなたは吉田に敬語を使います。あなたと吉田は木村さんに敬語を使います。	木村さんが「吉田が見る」と拝察する。	木村さんが「吉田が見る」とお思いになる。	木村さんが「吉田さんが見られる」と拝察される	0	direct-speech#center-embedding	OH1#NA	SH#NA
あなたは小林に敬語を使います。あなたと小林は中村教授に敬語を使います。	中村教授が「小林がおいでになる」と思う。	中村教授が「小林が来る」と思いなさる。	中村教授が「小林さんがおいでになる」と思う	0	direct-speech#center-embedding	NA#SH	SH#NA
あなたは山本に敬語を使います。あなたと山本は渡辺さんに敬語を使います。	渡辺さんが「山本がお読みする」と言う。	渡辺さんが「山本が読む」とおっしゃる。	山本が「お読みいたします」と言う	0	direct-speech#center-embedding	NA#OH1	SH#NA
あなたは加藤に敬語を使います。あなたと加藤は松本先生に敬語を使います。	松本先生が「加藤が読みなさる」とおっしゃる。	松本先生が「加藤が読む」とおっしゃる。	松本先生が「加藤さんが読みなさる」とおっしゃいます	0	direct-speech#center-embedding	SH#SH	SH#NA
あなたは木村博士に敬語を使います。あなたと木村博士は林様に敬語を使います。	木村博士が「林様がご覧になる」と理解する。	木村博士が「林様がご覧になる」とご理解になる。	木村博士が「林様がご覧になられる」と理解する	0	direct-speech#center-embedding	NA#SH	SH#SH
あなたは伊藤博士に敬語を使います。あなたと伊藤博士は林さんに敬語を使います。	伊藤博士が「林さんが食べる」と思いなさる。	伊藤博士が「林さんが召し上がる」と思いなさる。	伊藤博士が「林さんが食べられる」と思われる	1	direct-speech#center-embedding	SH#NA	SH#SH
あなたは小林教授に敬語を使います。あなたと小林教授は木村社長に敬語を使います。	小林教授が「木村社長がお受け取りになる」と申し上げる。	小林教授が「木村社長がお受け取りになる」とおっしゃる。	小林教授が「木村社長にお受け取りいただく」と申し上げる	0	direct-speech#center-embedding	OH1#SH	SH#SH
あなたは松本様に敬語を使います。あなたと松本様は田中さんに敬語を使います。	松本様が「田中さんがお聞きする」と思いなさる。	松本様が「田中さんが聞きなさる」と思いなさる。	松本様が「田中さんがお聞きいただく」と思いなさる	0	direct-speech#center-embedding	SH#OH1	SH#SH
あなたは林教授に敬語を使います。あなたと林教授は斎藤博士に敬語を使います。	林教授が「斎藤博士がお受け取りする」と拝察する。	林教授が「斎藤博士が受け取りなさる」とお考えになる。	林教授が「斎藤博士に受け取っていただく」と拝察します	0	direct-speech#center-embedding	OH1#OH1	SH#SH
あなたは林に敬語を使いません。あなたと林は高橋に敬語を使いません。	「高橋が受け取る」と林がご存じである。	「高橋が受け取る」と林が知る。	「高橋さんが受け取られる」と林さんがご存じである	0	direct-speech#scrambling	SH#NA	NA#NA
あなたは井上に敬語を使いません。あなたと井上は鈴木に敬語を使いません。	「鈴木が行く」と井上が拝察する。	「鈴木が行く」と井上が思う。	「鈴木さんが行く」と井上さんが拝察される	0	direct-speech#scrambling	OH1#NA	NA#NA
あなたは田中に敬語を使いません。あなたと田中は加藤に敬語を使いません。	「加藤が受け取りなさる」と田中が言う。	「加藤が受け取る」と田中が言う。	「加藤さんが受け取られる」と田中さんが言われる	0	direct-speech#scrambling	NA#SH	NA#NA
あなたは林に敬語を使いません。あなたと林は吉田に敬語を使いません。	「吉田が頂戴する」と林が言う。	「吉田が食べる」と林が言う。	「吉田に頂戴していただく」と林が言う	0	direct-speech#scrambling	NA#OH1	NA#NA
あなたは山本に敬語を使いません。あなたと山本は渡辺博士に敬語を使います。	「山本が来る」と渡辺博士が承知する。	「山本が来る」と渡辺博士がご理解になる。	「山本さんが来られる」と渡辺博士が承知される	0	direct-speech#scrambling	OH1#NA	SH#NA
あなたは井上に敬語を使いません。あなたと井上は斎藤先輩に敬語を使います。	「斎藤先輩が頂戴する」と井上が考える。	「斎藤先輩がお食べになる」と井上が考える。	「斎藤先輩に頂戴される」と井上が考える	0	direct-speech#scrambling	NA#OH1	NA#SH
あなたは井上に敬語を使います。あなたと井上は佐々木博士に敬語を使います。	「井上が聞く」と佐々木博士が拝察する。	「井上が聞く」と佐々木博士が考えなさる。	井上が聞いていると、佐々木博士が拝察される	0	direct-speech#scrambling	OH1#NA	SH#NA
あなたは山田に敬語を使います。あなたと山田は木村博士に敬語を使います。	「山田がおいでになる」と木村博士が思う。	「山田が来る」と木村博士が思いなさる。	「山田さんがお越しになる」と木村博士が思われます	0	direct-speech#scrambling	NA#SH	SH#NA
あなたは吉田に敬語を使います。あなたと吉田は中村様に敬語を使います。	「吉田が頂戴する」と中村様が考える。	「吉田が食べる」と中村様がお考えになる。	「吉田が頂戴いたします」と中村様が考える	0	direct-speech#scrambling	NA#OH1	SH#NA
あなたは加藤に敬語を使います。あなたと加藤は佐藤先輩に敬語を使います。	「加藤が行きなさる」と佐藤先輩がご存じである。	「加藤が行く」と佐藤先輩がご存じである。	「加藤が行かれる」と佐藤先輩がご存じです	0	direct-speech#scrambling	SH#SH	SH#NA
あなたは加藤博士に敬語を使います。あなたと加藤博士は伊藤教授に敬語を使います。	「伊藤教授がお帰りになる」と加藤博士が考える。	「伊藤教授がお帰りになる」と加藤博士が考えなさる。	「伊藤教授がお帰りになられる」と加藤博士が考えられる	1	direct-speech#scrambling	NA#SH	SH#SH
あなたは加藤博士に敬語を使います。あなたと加藤博士は木村先生に敬語を使います。	「木村先生が受け取る」と加藤博士が考えなさる。	「木村先生がお受け取りになる」と加藤博士がお考えになる。	「木村先生が受け取られる」と加藤博士が考えられる	1	direct-speech#scrambling	SH#NA	SH#SH
あなたは吉田博士に敬語を使います。あなたと吉田博士は田中様に敬語を使います。	「田中様がご覧になる」と吉田博士が申し上げる。	「田中様がご覧になる」と吉田博士がおっしゃる。	「田中さまがご覧になられる」と吉田博士が申し上げられる	0	direct-speech#scrambling	OH1#SH	SH#SH
あなたは木村先生に敬語を使います。あなたと木村先生は鈴木さんに敬語を使います。	「鈴木さんが頂戴する」と木村先生がおっしゃる。	「鈴木さんがお食べになる」と木村先生がおっしゃる。	「鈴木さんが頂いていただく」と木村先生がおっしゃる	0	direct-speech#scrambling	SH#OH1	SH#SH
あなたは高橋様に敬語を使います。あなたと高橋様は吉田さんに敬語を使います。	「吉田さんが伺う」と高橋様が存じ上げる。	「吉田さんがおいでになる」と高橋様がご存じである。	「吉田さんがお伺いします」と高橋様がご存知ですか	0	direct-speech#scrambling	OH1#OH1	SH#SH
あなたは井上に敬語を使いません。あなたと井上は田中に敬語を使いません。	田中に井上が伝える。	田中に井上が伝える。	田中に井上から伝えられます	0	scrambling#		NA#
あなたは山本に敬語を使いません。あなたと山本は山田様に敬語を使います。	山本に山田様が会う。	山本に山田様がお会いになる。	山本が山田様に会う	0	scrambling#		SH#
あなたは山本に敬語を使いません。あなたと山本は山田先輩に敬語を使います。	山田先輩に山本が依頼する。	山田先輩に山本がご依頼する。	山田先輩に、山本がお願いします	0	scrambling#		OH1#
あなたは山田さんに敬語を使います。あなたと山田さんは佐藤さんに敬語を使います。	山田さんに佐藤さんが与える。	山田さんに佐藤さんが与えなさる。	山田さんに佐藤さんが与えられる	1	scrambling#		SH#
あなたは田中博士に敬語を使います。あなたと田中博士は佐藤先生に敬語を使います。	佐藤先生に田中博士が会う。	佐藤先生に田中博士がお会いする。	佐藤先生に田中博士がお会いします	1	scrambling#		OH1#
あなたは佐藤に敬語を使いません。あなたと佐藤は斎藤に敬語を使いません。	斎藤を佐藤が呼ぶ。	斎藤を佐藤が呼ぶ。	佐藤が斎藤さんを呼ぶ	1	scrambling#		NA#
あなたは小林に敬語を使いません。あなたと小林は鈴木社長に敬語を使います。	小林を鈴木社長が見送る。	小林を鈴木社長がお見送りになる。	鈴木社長が小林を見送ります	0	scrambling#		SH#
あなたは山口に敬語を使いません。あなたと山口は斎藤博士に敬語を使います。	斎藤博士を山口が呼ぶ。	斎藤博士を山口がお呼びする。	山口が斎藤博士をお呼びになる	0	scrambling#		OH1#
あなたは高橋博士に敬語を使います。あなたと高橋博士は林先生に敬語を使います。	高橋博士を林先生が手伝う。	高橋博士を林先生が手伝いなさる。	高橋博士を林先生がお手伝いされる	1	scrambling#		SH#
あなたは小林社長に敬語を使います。あなたと小林社長は山口さんに敬語を使います。	山口さんを小林社長が待つ。	山口さんを小林社長がお待ちする。	山口さんを小林社長がお待ちしております	1	scrambling#		OH1#
あなたは林に敬語を使いません。あなたと林は山田に敬語を使いません。	林が山田が帰ると考える。	林が山田が帰ると考える。	林が山田が帰ると考えられます	0	indirect-speech#center-embedding		NA#NA
あなたは木村に敬語を使いません。あなたと木村は吉田教授に敬語を使います。	吉田教授が木村が行くと理解する。	吉田教授が木村が行くと理解なさる。	吉田教授が木村が行くことを理解される	1	indirect-speech#center-embedding		SH#NA
あなたは佐々木に敬語を使いません。あなたと佐々木は高橋社長に敬語を使います。	佐々木が高橋社長が食べると知る。	佐々木が高橋社長がお食べになると知る。	佐々木が高橋社長が食べることを知りました	0	indirect-speech#center-embedding		NA#SH
あなたは加藤教授に敬語を使います。あなたと加藤教授は田中教授に敬語を使います。	田中教授が加藤教授が行くと言う。	田中教授が加藤教授が行きなさるとおっしゃる。	田中教授が加藤教授に行くと言われました	0	indirect-speech#center-embedding		SH#SH
あなたは山本教授に敬語を使います。あなたと山本教授は加藤社長に敬語を使います。	山本教授が加藤社長が受け取ると理解する。	山本教授が加藤社長が受け取りなさると理解なさる。	山本教授が加藤社長に受け取っていただくと理解しています	0	indirect-speech#center-embedding		SH#SH
あなたは中村に敬語を使いません。あなたと中村は佐々木に敬語を使いません。	佐々木が帰ると中村が理解する。	佐々木が帰ると中村が理解する。	佐々木が帰ると、中村が理解される	0	indirect-speech#scrambling		NA#NA
あなたは松本に敬語を使いません。あなたと松本は井上さんに敬語を使います。	松本が帰ると井上さんが考える。	松本が帰ると井上さんが考えなさる。	井上さんが松本さんが帰ると考える	0	indirect-speech#scrambling		SH#NA
あなたは加藤に敬語を使いません。あなたと加藤は吉田博士に敬語を使います。	吉田博士が来ると加藤が言う。	吉田博士がおいでになると加藤が言う。	加藤が「吉田博士が来ますね」と言います	0	indirect-speech#scrambling		NA#SH
あなたは佐藤教授に敬語を使います。あなたと佐藤教授は山本社長に敬語を使います。	佐藤教授が来ると山本社長が理解する。	佐藤教授がおいでになると山本社長が理解なさる。	佐藤教授が来ると、山本社長が理解される	0	indirect-speech#scrambling		SH#SH
あなたは小林先輩に敬語を使います。あなたと小林先輩は佐藤先生に敬語を使います。	佐藤先生が見ると小林先輩が考える。	佐藤先生がご覧になると小林先輩が考えなさる。	佐藤先生が見ると、小林先輩が考えられます	0	indirect-speech#scrambling		SH#SH
あなたは山田に敬語を使いません。あなたと山田は山本に敬語を使いません。	山田が「山本が読む」と知る。	山田が「山本が読む」と知る。	山田が「山本さんが読む」と知る	1	direct-speech#center-embedding		NA#NA
あなたは伊藤に敬語を使いません。あなたと伊藤は渡辺様に敬語を使います。	渡辺様が「伊藤が聞く」と知る。	渡辺様が「伊藤が聞く」とご存じである。	渡辺様が「伊藤に聞かせていただく」と知る	0	direct-speech#center-embedding		SH#NA
あなたは渡辺に敬語を使いません。あなたと渡辺は中村教授に敬語を使います。	渡辺が「中村教授が食べる」と言う。	渡辺が「中村教授がお食べになる」と言う。	中村教授が食べられる	0	direct-speech#center-embedding		NA#SH
あなたは鈴木に敬語を使います。あなたと鈴木は山口教授に敬語を使います。	山口教授が「鈴木が受け取る」と言う。	山口教授が「鈴木が受け取る」とおっしゃる。	「鈴木が受け取られる」と言う	0	direct-speech#center-embedding		SH#NA
あなたは吉田先生に敬語を使います。あなたと吉田先生は山本さんに敬語を使います。	吉田先生が「山本さんが聞く」と理解する。	吉田先生が「山本さんがお聞きになる」とご理解になる。	吉田先生が「山本さんが聞かれる」と理解する	0	direct-speech#center-embedding		SH#SH
あなたは佐々木に敬語を使いません。あなたと佐々木は渡辺に敬語を使いません。	「渡辺が見る」と佐々木が理解する。	「渡辺が見る」と佐々木が理解する。	「渡辺さんが見られる」と佐々木さんが理解される	0	direct-speech#scrambling		NA#NA
あなたは小林に敬語を使いません。あなたと小林は斎藤博士に敬語を使います。	「小林が行く」と斎藤博士が言う。	「小林が行く」と斎藤博士がおっしゃる。	「小林が行く」と斎藤博士がおっしゃいます	1	direct-speech#scrambling		SH#NA
あなたは鈴木に敬語を使いません。あなたと鈴木は吉田さんに敬語を使います。	「吉田さんが行く」と鈴木が理解する。	「吉田さんがおいでになる」と鈴木が理解する。	「吉田さんが行かれる」と鈴木が理解される	0	direct-speech#scrambling		NA#SH
あなたは小林に敬語を使います。あなたと小林は井上様に敬語を使います。	「小林が見る」と井上様が思う。	「小林が見る」と井上様が思いなさる。	「小林が見られる」と井上様が思われる	0	direct-speech#scrambling		SH#NA
あなたは山本さんに敬語を使います。あなたと山本さんは林様に敬語を使います。	「林様が聞く」と山本さんが思う。	「林様がお聞きになる」と山本さんが思いなさる。	「林さんが聞かれる」と山本さんが思われる	1	direct-speech#scrambling		SH#SH
あなたは鈴木に敬語を使いません。あなたと鈴木は佐々木に敬語を使いません。	佐々木に鈴木が与えなさる。	佐々木に鈴木が与える。	佐々木に鈴木が与えられる	0	scrambling#	SH#	NA#
あなたは山田に敬語を使いません。あなたと山田は伊藤に敬語を使いません。	伊藤に山田がお会いする。	伊藤に山田が会う。	伊藤さんに山田さんがお会いします	0	scrambling#	OH1#	NA#
あなたは山口に敬語を使いません。あなたと山口は山田先輩に敬語を使います。	山口に山田先輩が差し上げる。	山口に山田先輩が与えなさる。	山口に山田先輩から差し上げられる	1	scrambling#	OH1#	SH#
あなたは加藤に敬語を使いません。あなたと加藤は中村社長に敬語を使います。	中村社長に加藤がお会いになる。	中村社長に加藤がお会いする。	中村社長に加藤がお会いになりました	0	scrambling#	SH#	OH1#
あなたは斎藤教授に敬語を使います。あなたと斎藤教授は伊藤教授に敬語を使います。	斎藤教授に伊藤教授が差し上げる。	斎藤教授に伊藤教授が与えなさる。	斎藤教授に伊藤教授から差し上げられる	1	scrambling#	OH1#	SH#
あなたは小林さんに敬語を使います。あなたと小林さんは高橋様に敬語を使います。	高橋様に小林さんがご依頼になる。	高橋様に小林さんがご依頼する。	高橋様に小林さんがお願いになる	0	scrambling#	SH#	OH1#
あなたは木村に敬語を使いません。あなたと木村は林に敬語を使いません。	林を木村がお呼びになる。	林を木村が呼ぶ。	林を木村さんにお呼びになる	0	scrambling#	SH#	NA#
あなたは山口に敬語を使いません。あなたと山口は小林に敬語を使いません。	小林を山口がお呼びする。	小林を山口が呼ぶ。	山口が小林をお呼びします	0	scrambling#	OH1#	NA#
あなたは井上に敬語を使いません。あなたと井上は鈴木先輩に敬語を使います。	井上を鈴木先輩がお見送りする。	井上を鈴木先輩が見送りなさる。	井上を鈴木先輩がお見送りしてくださいます	1	scrambling#	OH1#	SH#
あなたは山田に敬語を使いません。あなたと山田は田中さんに敬語を使います。	田中さんを山田が呼びなさる。	田中さんを山田がお呼びする。	山田が田中さんをお呼びなさいます	0	scrambling#	SH#	OH1#
あなたは伊藤博士に敬語を使います。あなたと伊藤博士は田中博士に敬語を使います。	伊藤博士を田中博士がお待ちする。	伊藤博士を田中博士が待ちなさる。	伊藤博士を田中博士がお待ちしております	0	scrambling#	OH1#	SH#
あなたは林さんに敬語を使います。あなたと林さんは高橋先生に敬語を使います。	高橋先生を林さんがお待ちになる。	高橋先生を林さんがお待ちする。	林さんが高橋先生をお待ちになっています	0	scrambling#	SH#	OH1#
あなたは鈴木に敬語を使いません。あなたと鈴木は木村に敬語を使いません。	鈴木が木村が受け取るとおっしゃる。	鈴木が木村が受け取ると言う。	鈴木が木村に受け取っていただくとおっしゃる	0	indirect-speech#center-embedding	SH#	NA#NA
あなたは山口に敬語を使いません。あなたと山口は渡辺に敬語を使いません。	山口が渡辺が食べるとお思いになる。	山口が渡辺が食べると思う。	山口が渡辺が食べると思われます	0	indirect-speech#center-embedding	SH#	NA#NA
あなたは佐々木に敬語を使いません。あなたと佐々木は山本社長に敬語を使います。	山本社長が佐々木が受け取ると承知する。	山本社長が佐々木が受け取るとご理解になる。	山本社長に、佐々木が受け取ることを承知していただきます	0	indirect-speech#center-embedding	OH1#NA	SH#NA
あなたは佐藤に敬語を使いません。あなたと佐藤は井上教授に敬語を使います。	佐藤が井上教授がおいとますると考える。	佐藤が井上教授がお帰りになると考える。	佐藤が井上教授がおいとまされると考えます	1	indirect-speech#center-embedding	NA#OH1	NA#SH
あなたは山口さんに敬語を使います。あなたと山口さんは吉田社長に敬語を使います。	吉田社長が山口さんがお帰りになると言う。	吉田社長が山口さんがお帰りになるとおっしゃる。	吉田社長が山口さんがお帰りになられると言われました	1	indirect-speech#center-embedding	NA#SH	SH#SH
あなたは佐々木教授に敬語を使います。あなたと佐々木教授は鈴木先輩に敬語を使います。	鈴木先輩が佐々木教授が来るとお思いになる。	鈴木先輩が佐々木教授がおいでになると思いなさる。	佐々木教授が来られると鈴木先輩がお思いになるでしょう	1	indirect-speech#center-embedding	SH#NA	SH#SH
あなたは木村先輩に敬語を使います。あなたと木村先輩は田中社長に敬語を使います。	田中社長が木村先輩がおいでになると拝察する。	田中社長が木村先輩がおいでになるとお思いになる。	田中社長が木村先輩がお越しになると拝察いたします	0	indirect-speech#center-embedding	OH1#SH	SH#SH
あなたは中村教授に敬語を使います。あなたと中村教授は佐藤先生に敬語を使います。	佐藤先生が中村教授がお受け取りするとご存じである。	佐藤先生が中村教授がお受け取りになると知りなさる。	中村教授がお受け取りいただけることを、佐藤先生はご存じでしょうか	0	indirect-speech#center-embedding	SH#OH1	SH#SH
あなたは山田博士に敬語を使います。あなたと山田博士は山口先輩に敬語を使います。	山口先輩が山田博士がおいとますると承知する。	山口先輩が山田博士がお帰りになるとご理解になる。	山口先輩が山田博士がおいとまされることを承知します	0	indirect-speech#center-embedding	OH1#OH1	SH#SH
あなたは木村先生に敬語を使います。あなたと木村先生は松本先生に敬語を使います。	木村先生が松本先生がお帰りになると思う。	木村先生が松本先生がお帰りになるとお思いになる。	木村先生が松本先生がお帰りになられると思います	0	indirect-speech#center-embedding	NA#SH	SH#SH
あなたは高橋教授に敬語を使います。あなたと高橋教授は山口社長に敬語を使います。	高橋教授が山口社長が読むと知りなさる。	高橋教授が山口社長がお読みになるとご存じである。	高橋教授が山口社長に読まれることを知りなさい	0	indirect-speech#center-embedding	SH#NA	SH#SH
あなたは小林教授に敬語を使います。あなたと小林教授は山本さんに敬語を使います。	小林教授が山本さんが行きなさると拝察する。	小林教授が山本さんがおいでになるとお思いになる。	小林教授が山本さんが行くと拝察します	0	indirect-speech#center-embedding	OH1#SH	SH#SH
あなたは高橋先輩に敬語を使います。あなたと高橋先輩は木村教授に敬語を使います。	高橋先輩が木村教授がおいとまするとご理解になる。	高橋先輩が木村教授がお帰りになると理解なさる。	高橋先輩が木村教授がおいとまされることをご理解いただけますか	0	indirect-speech#center-embedding	SH#OH1	SH#SH
あなたは小林先輩に敬語を使います。あなたと小林先輩は松本様に敬語を使います。	小林先輩が松本様が拝見すると承知する。	小林先輩が松本様がご覧になると理解なさる。	小林先輩が松本さまが拝見されることを承知します	0	indirect-speech#center-embedding	OH1#OH1	SH#SH
あなたは渡辺に敬語を使いません。あなたと渡辺は中村に敬語を使いません。	中村が食べると渡辺がお考えになる。	中村が食べると渡辺が考える。	中村が食べると渡辺さんがお考えになる	0	indirect-speech#scrambling	SH#NA	NA#NA
あなたは小林に敬語を使いません。あなたと小林は山田に敬語を使いません。	山田が読むと小林が存じ上げる。	山田が読むと小林が知る。	山田様が読むと、小林さんがご存知でしょう	0	indirect-speech#scrambling	OH1#NA	NA#NA
あなたは井上に敬語を使いません。あなたと井上は佐藤に敬語を使いません。	佐藤がお帰りになると井上が思う。	佐藤が帰ると井上が思う。	井上が佐藤さんがお帰りになると思われます	0	indirect-speech#scrambling	NA#SH	NA#NA
あなたは伊藤に敬語を使いません。あなたと伊藤は佐藤に敬語を使いません。	佐藤がお読みすると伊藤が言う。	佐藤が読むと伊藤が言う。	佐藤さんがお読みされると、伊藤さんが言われる	0	indirect-speech#scrambling	NA#OH1	NA#NA
あなたは山本に敬語を使いません。あなたと山本は斎藤博士に敬語を使います。	山本が食べると斎藤博士が拝察する。	山本が食べると斎藤博士がお思いになる。	山本が食べると斎藤博士が見察される	0	indirect-speech#scrambling	OH1#NA	SH#NA
あなたは井上に敬語を使いません。あなたと井上は中村教授に敬語を使います。	中村教授がおいとますると井上が思う。	中村教授がお帰りになると井上が思う。	中村教授がお思いとまされると、井上さんが思われます	0	indirect-speech#scrambling	NA#OH1	NA#SH
あなたは中村社長に敬語を使います。あなたと中村社長は小林教授に敬語を使います。	中村社長がお帰りになると小林教授が理解する。	中村社長がお帰りになると小林教授がご理解になる。	中村社長がお帰りになられると小林教授が理解される	0	indirect-speech#scrambling	NA#SH	SH#SH
あなたは松本社長に敬語を使います。あなたと松本社長は中村先生に敬語を使います。	松本社長が行くと中村先生がおっしゃる。	松本社長が行きなさると中村先生がおっしゃる。	松本社長が行くと、中村先生がおっしゃいます	0	indirect-speech#scrambling	SH#NA	SH#SH
あなたは斎藤教授に敬語を使います。あなたと斎藤教授は鈴木社長に敬語を使います。	斎藤教授がお帰りになると鈴木社長が拝察する。	斎藤教授がお帰りになると鈴木社長がお考えになる。	斎藤教授がお帰りになると、鈴木社長がお見かけになる	1	indirect-speech#scrambling	OH1#SH	SH#SH
あなたは渡辺先輩に敬語を使います。あなたと渡辺先輩は山本教授に敬語を使います。	渡辺先輩が拝見すると山本教授が知りなさる。	渡辺先輩がご覧になると山本教授がご存じである。	渡辺先輩が拝見されると山本教授がご存知なさいます	0	indirect-speech#scrambling	SH#OH1	SH#SH
あなたは山田様に敬語を使います。あなたと山田様は吉田社長に敬語を使います。	山田様が伺うと吉田社長が拝察する。	山田様がおいでになると吉田社長が思いなさる。	山田様が伺ったと吉田社長がご拝察いただきました	0	indirect-speech#scrambling	OH1#OH1	SH#SH
あなたは佐藤社長に敬語を使います。あなたと佐藤社長は井上さんに敬語を使います。	井上さんがご覧になると佐藤社長が言う。	井上さんがご覧になると佐藤社長がおっしゃる。	井上さんがご覧になられると、佐藤社長がおっしゃいます	1	indirect-speech#scrambling	NA#SH	SH#SH
あなたは林さんに敬語を使います。あなたと林さんは加藤博士に敬語を使います。	加藤博士が行くと林さんがお考えになる。	加藤博士がおいでになると林さんがお考えになる。	林さんが加藤博士が行くことをお考えになるのですね	0	indirect-speech#scrambling	SH#NA	SH#SH
あなたは渡辺社長に敬語を使います。あなたと渡辺社長は佐々木先生に敬語を使います。	佐々木先生がご覧になると渡辺社長が拝察する。	佐々木先生がご覧になると渡辺社長が思いなさる。	佐々木先生がご覧になると渡辺社長がご拝察いたします	0	indirect-speech#scrambling	OH1#SH	SH#SH
あなたは伊藤先輩に敬語を使います。あなたと伊藤先輩は高橋博士に敬語を使います。	高橋博士が伺うと伊藤先輩が思いなさる。	高橋博士がおいでになると伊藤先輩が思いなさる。	伊藤先輩が高橋博士に思いなさいます	0	indirect-speech#scrambling	SH#OH1	SH#SH
あなたは松本先生に敬語を使います。あなたと松本先生は山田先輩に敬語を使います。	山田先輩が伺うと松本先生が存じ上げる。	山田先輩がおいでになると松本先生が知りなさる。	山田先輩が伺うと松本先生がご存知です	0	indirect-speech#scrambling	OH1#OH1	SH#SH
あなたは小林に敬語を使いません。あなたと小林は吉田に敬語を使いません。	小林が「吉田が聞く」とおっしゃる。	小林が「吉田が聞く」と言う。	小林が「吉田さんが聞かれる」とおっしゃる	0	direct-speech#center-embedding	SH#NA	NA#NA
あなたは木村に敬語を使いません。あなたと木村は小林に敬語を使いません。	木村が「小林が食べる」と申し上げる。	木村が「小林が食べる」と言う。	木村が「小林さんが食べる」と申し上げる	0	direct-speech#center-embedding	OH1#NA	NA#NA
あなたは小林に敬語を使いません。あなたと小林は高橋に敬語を使いません。	小林が「高橋がおいでになる」と思う。	小林が「高橋が行く」と思う。	小林が「高橋さんがおいでになる」と思う	0	direct-speech#center-embedding	NA#SH	NA#NA
あなたは松本に敬語を使いません。あなたと松本は小林に敬語を使いません。	松本が「小林が伺う」と知る。	松本が「小林が来る」と知る。	松本が「小林さんがお伺いします」と知る	0	direct-speech#center-embedding	NA#OH1	NA#NA
あなたは林に敬語を使いません。あなたと林は田中社長に敬語を使います。	田中社長が「林が受け取る」と存じ上げる。	田中社長が「林が受け取る」と知りなさる。	田中社長が「林さんが受け取られる」と存じ上げます	0	direct-speech#center-embedding	OH1#NA	SH#NA
あなたは中村に敬語を使いません。あなたと中村は山本先生に敬語を使います。	中村が「山本先生が伺う」と思う。	中村が「山本先生がおいでになる」と思う。	中村が「山本先生がお伺いしたいと思っている」と思う	0	direct-speech#center-embedding	NA#OH1	NA#SH
あなたは中村に敬語を使います。あなたと中村は山口さんに敬語を使います。	山口さんが「中村が来る」と承知する。	山口さんが「中村が来る」と理解なさる。	中村さんが来られると承知しました	0	direct-speech#center-embedding	OH1#NA	SH#NA
あなたは木村に敬語を使います。あなたと木村は佐々木社長に敬語を使います。	佐々木社長が「木村がお帰りになる」と言う。	佐々木社長が「木村が帰る」とおっしゃる。	佐々木社長が「木村さんがお帰りになられる」と言う	0	direct-speech#center-embedding	NA#SH	SH#NA
あなたは田中に敬語を使います。あなたと田中は斎藤博士に敬語を使います。	斎藤博士が「田中が拝見する」と理解する。	斎藤博士が「田中が見る」と理解なさる。	田中が斎藤博士を拝見させていただきます	0	direct-speech#center-embedding	NA#OH1	SH#NA
あなたは井上に敬語を使います。あなたと井上は吉田社長に敬語を使います。	吉田社長が「井上が召し上がる」と思いなさる。	吉田社長が「井上が食べる」とお思いになる。	井上が召し上がられると思いなさいます	0	direct-speech#center-embedding	SH#SH	SH#NA
あなたは木村博士に敬語を使います。あなたと木村博士は佐々木社長に敬語を使います。	木村博士が「佐々木社長がお帰りになる」と理解する。	木村博士が「佐々木社長がお帰りになる」と理解なさる。	木村博士が「佐々木社長がお帰りになられる」と理解する	0	direct-speech#center-embedding	NA#SH	SH#SH
あなたは斎藤博士に敬語を使います。あなたと斎藤博士は中村博士に敬語を使います。	斎藤博士が「中村博士が来る」とご存じである。	斎藤博士が「中村博士がおいでになる」と知りなさる。	中村博士がお越しになることを、斎藤博士がご存じであると存じます	1	direct-speech#center-embedding	SH#NA	SH#SH
あなたは井上様に敬語を使います。あなたと井上様は木村先生に敬語を使います。	井上様が「木村先生がご覧になる」と承知する。	井上様が「木村先生がご覧になる」とご理解になる。	井上様が「木村先生にご覧になっていただく」と承知します	0	direct-speech#center-embedding	OH1#SH	SH#SH
あなたは小林さんに敬語を使います。あなたと小林さんは佐々木先生に敬語を使います。	小林さんが「佐々木先生が頂戴する」とご理解になる。	小林さんが「佐々木先生がお食べになる」と理解なさる。	小林さんが「佐々木先生に頂戴いたします」とご理解になる	0	direct-speech#center-embedding	SH#OH1	SH#SH
あなたは田中教授に敬語を使います。あなたと田中教授は伊藤様に敬語を使います。	田中教授が「伊藤様が伺う」と拝察する。	田中教授が「伊藤様が行きなさる」と考えなさる。	田中教授が「伊藤さんがお伺いします」とお見解される	0	direct-speech#center-embedding	OH1#OH1	SH#SH
あなたは井上に敬語を使いません。あなたと井上は加藤に敬語を使いません。	「加藤が来る」と井上が理解なさる。	「加藤が来る」と井上が理解する。	「加藤さんが来られる」と井上さんが理解される	0	direct-speech#scrambling	SH#NA	NA#NA
あなたは木村に敬語を使いません。あなたと木村は山口に敬語を使いません。	「山口が見る」と木村が申し上げる。	「山口が見る」と木村が言う。	「山口さんが見られる」と木村さんが申し上げられる	0	direct-speech#scrambling	OH1#NA	NA#NA
あなたは中村に敬語を使いません。あなたと中村は木村に敬語を使いません。	「木村が読みなさる」と中村が言う。	「木村が読む」と中村が言う。	「木村さんが読みなさる」と中村さんが言う	0	direct-speech#scrambling	NA#SH	NA#NA
あなたは林に敬語を使いません。あなたと林は佐藤に敬語を使いません。	「佐藤がお読みする」と林が知る。	「佐藤が読む」と林が知る。	「佐藤さんがお読みされる」と林さんがご存知ですか	0	direct-speech#scrambling	NA#OH1	NA#NA
あなたは斎藤に敬語を使いません。あなたと斎藤は佐藤さんに敬語を使います。	「斎藤が読む」と佐藤さんが拝察する。	「斎藤が読む」と佐藤さんがお考えになる。	「斎藤が読む」と佐藤さんがご拝察します	0	direct-speech#scrambling	OH1#NA	SH#NA
あなたは田中に敬語を使いません。あなたと田中は佐々木社長に敬語を使います。	「佐々木社長が伺う」と田中が理解する。	「佐々木社長がおいでになる」と田中が理解する。	「佐々木社長がお伺いします」と田中が理解されます	0	direct-speech#scrambling	NA#OH1	NA#SH
あなたは田中に敬語を使います。あなたと田中は中村さんに敬語を使います。	「田中が受け取る」と中村さんが承知する。	「田中が受け取る」と中村さんが理解なさる。	「田中さんが受け取られる」と中村さんが承知される	0	direct-speech#scrambling	OH1#NA	SH#NA
あなたは鈴木に敬語を使います。あなたと鈴木は佐々木さんに敬語を使います。	「鈴木が読みなさる」と佐々木さんが言う。	「鈴木が読む」と佐々木さんがおっしゃる。	「鈴木が読みなさいと、佐々木さんがおっしゃいます」	1	direct-speech#scrambling	NA#SH	SH#NA
あなたは小林に敬語を使います。あなたと小林は佐藤博士に敬語を使います。	「小林がおいとまする」と佐藤博士が知る。	「小林が帰る」と佐藤博士がご存じである。	「小林がお帰りになる」と佐藤博士が知らせられました	0	direct-speech#scrambling	NA#OH1	SH#NA
あなたは高橋に敬語を使います。あなたと高橋は中村社長に敬語を使います。	「高橋が召し上がる」と中村社長がおっしゃる。	「高橋が食べる」と中村社長がおっしゃる。	「高橋が召し上がられる」と中村社長がおっしゃる	0	direct-speech#scrambling	SH#SH	SH#NA
あなたは吉田博士に敬語を使います。あなたと吉田博士は鈴木先生に敬語を使います。	「鈴木先生がお読みになる」と吉田博士が思う。	「鈴木先生が読みなさる」と吉田博士がお思いになる。	「吉田博士がご覧になる」と鈴木先生が思う	0	direct-speech#scrambling	NA#SH	SH#SH
あなたは佐々木さんに敬語を使います。あなたと佐々木さんは吉田様に敬語を使います。	「吉田様が帰る」と佐々木さんがお考えになる。	「吉田様がお帰りになる」と佐々木さんが考えなさる。	佐々木さんが「吉田さまが帰られる」とお考えになる	1	direct-speech#scrambling	SH#NA	SH#SH
あなたは吉田先輩に敬語を使います。あなたと吉田先輩は中村博士に敬語を使います。	「中村博士が召し上がる」と吉田先輩が申し上げる。	「中村博士がお食べになる」と吉田先輩がおっしゃる。	「中村博士が召し上がられる」と吉田先輩が申し上げられる	0	direct-speech#scrambling	OH1#SH	SH#SH
あなたは佐藤先生に敬語を使います。あなたと佐藤先生は伊藤教授に敬語を使います。	「伊藤教授が拝見する」と佐藤先生が知りなさる。	「伊藤教授がご覧になる」と佐藤先生がご存じである。	「伊藤教授にご覧になる」と佐藤先生がご存知なさる	0	direct-speech#scrambling	SH#OH1	SH#SH
あなたは山口先生に敬語を使います。あなたと山口先生は小林様に敬語を使います。	「小林様が伺う」と山口先生が承知する。	「小林様がおいでになる」と山口先生が理解なさる。	「小林様が伺っておられる」と山口先生が承知されました	0	direct-speech#scrambling	OH1#OH1	SH#SH
あなたは田中に敬語を使いません。あなたと田中は小林に敬語を使いません。	小林に田中が与える。	小林に田中が与える。	田中が小林に与える	1	scrambling#		NA#
あなたは鈴木に敬語を使いません。あなたと鈴木は伊藤先生に敬語を使います。	鈴木に伊藤先生が伝える。	鈴木に伊藤先生が伝えなさる。	伊藤先生が鈴木に伝える	0	scrambling#		SH#
あなたは中村に敬語を使いません。あなたと中村は高橋博士に敬語を使います。	高橋博士に中村が与える。	高橋博士に中村が差し上げる。	中村が高橋博士に与える	0	scrambling#		OH1#
あなたは中村先輩に敬語を使います。あなたと中村先輩は山田社長に敬語を使います。	中村先輩に山田社長が感謝する。	中村先輩に山田社長が感謝なさる。	中村先輩に山田社長から感謝されました	0	scrambling#		SH#
あなたは佐藤先輩に敬語を使います。あなたと佐藤先輩は高橋教授に敬語を使います。	高橋教授に佐藤先輩が伝える。	高橋教授に佐藤先輩がお伝えする。	高橋教授に佐藤先輩から伝えられる	0	scrambling#		OH1#
あなたは斎藤に敬語を使いません。あなたと斎藤は林に敬語を使いません。	林を斎藤が手伝う。	林を斎藤が手伝う。	林を斎藤さんがお手伝いされる	0	scrambling#		NA#
あなたは小林に敬語を使いません。あなたと小林は木村博士に敬語を使います。	小林を木村博士が紹介する。	小林を木村博士がご紹介になる。	小林を木村博士が紹介してくださいます	1	scrambling#		SH#
あなたは松本に敬語を使いません。あなたと松本は田中博士に敬語を使います。	田中博士を松本が手伝う。	田中博士を松本がお手伝いする。	田中博士を松本がお手伝いされる	0	scrambling#		OH1#
あなたは松本教授に敬語を使います。あなたと松本教授は高橋博士に敬語を使います。	松本教授を高橋博士が見送る。	松本教授を高橋博士が見送りなさる。	松本教授を高橋博士がお見送りいたします	0	scrambling#		SH#
あなたは佐々木先輩に敬語を使います。あなたと佐々木先輩は斎藤先生に敬語を使います。	斎藤先生を佐々木先輩が呼ぶ。	斎藤先生を佐々木先輩がお呼びする。	佐々木先輩が斎藤先生をお呼びになる	0	scrambling#		OH1#
あなたは山口に敬語を使いません。あなたと山口は伊藤に敬語を使いません。	山口が伊藤が見ると知る。	山口が伊藤が見ると知る。	山口が伊藤に見られると知らされる	0	indirect-speech#center-embedding		NA#NA
あなたは小林に敬語を使いません。あなたと小林は田中教授に敬語を使います。	田中教授が小林が来ると言う。	田中教授が小林が来るとおっしゃる。	田中教授が、小林さんが来ると言われました	1	indirect-speech#center-embedding		SH#NA
あなたは渡辺に敬語を使いません。あなたと渡辺は佐々木博士に敬語を使います。	渡辺が佐々木博士が行くと考える。	渡辺が佐々木博士がおいでになると考える。	渡辺が佐々木博士に行くと考える	0	indirect-speech#center-embedding		NA#SH
あなたは斎藤さんに敬語を使います。あなたと斎藤さんは中村さんに敬語を使います。	中村さんが斎藤さんが読むと知る。	中村さんが斎藤さんが読みなさるとご存じである。	中村さんが斎藤さんが読めると知りました	0	indirect-speech#center-embedding		SH#SH
あなたは斎藤教授に敬語を使います。あなたと斎藤教授は田中先生に敬語を使います。	斎藤教授が田中先生が帰ると考える。	斎藤教授が田中先生がお帰りになると考えなさる。	斎藤教授が田中先生が帰られると考える	0	indirect-speech#center-embedding		SH#SH
あなたは斎藤に敬語を使いません。あなたと斎藤は林に敬語を使いません。	林が食べると斎藤が思う。	林が食べると斎藤が思う。	林が食べると斎藤さんが思われる	0	indirect-speech#scrambling		NA#NA
あなたは山田に敬語を使いません。あなたと山田は中村先輩に敬語を使います。	山田が食べると中村先輩が言う。	山田が食べると中村先輩がおっしゃる。	山田が食べると、中村先輩がおっしゃいます	1	indirect-speech#scrambling		SH#NA
あなたは佐藤に敬語を使いません。あなたと佐藤は林先輩に敬語を使います。	林先輩が見ると佐藤が思う。	林先輩がご覧になると佐藤が思う。	林先輩が見ると、佐藤さんが思う	0	indirect-speech#scrambling		NA#SH
あなたは加藤様に敬語を使います。あなたと加藤様は伊藤博士に敬語を使います。	加藤様が行くと伊藤博士が思う。	加藤様が行きなさると伊藤博士がお思いになる。	加藤様が行くと伊藤博士が思われます	0	indirect-speech#scrambling		SH#SH
あなたは斎藤様に敬語を使います。あなたと斎藤様は木村さんに敬語を使います。	木村さんが受け取ると斎藤様が考える。	木村さんが受け取りなさると斎藤様がお考えになる。	斎藤様が木村さんが受け取ると考える	0	indirect-speech#scrambling		SH#SH
あなたは渡辺に敬語を使いません。あなたと渡辺は山口に敬語を使いません。	渡辺が「山口が見る」と考える。	渡辺が「山口が見る」と考える。	渡辺が「山口さんが見られる」と考える	0	direct-speech#center-embedding		NA#NA
あなたは山口に敬語を使いません。あなたと山口は小林先生に敬語を使います。	小林先生が「山口が帰る」と思う。	小林先生が「山口が帰る」と思いなさる。	小林先生が「山口が帰られる」と思われる	0	direct-speech#center-embedding		SH#NA
あなたは伊藤に敬語を使いません。あなたと伊藤は松本社長に敬語を使います。	伊藤が「松本社長が来る」と思う。	伊藤が「松本社長がおいでになる」と思う。	伊藤が「松本社長が参ります」と思う	0	direct-speech#center-embedding		NA#SH
あなたは山本に敬語を使います。あなたと山本は吉田様に敬語を使います。	吉田様が「山本が読む」と考える。	吉田様が「山本が読む」とお考えになる。	山本が吉田様が考えるように読む	0	direct-speech#center-embedding		SH#NA
あなたは田中先輩に敬語を使います。あなたと田中先輩は山口博士に敬語を使います。	田中先輩が「山口博士が受け取る」と言う。	田中先輩が「山口博士が受け取りなさる」とおっしゃる。	山口博士が「受け取る」と言われました	0	direct-speech#center-embedding		SH#SH
あなたは小林に敬語を使いません。あなたと小林は山本に敬語を使いません。	「山本が来る」と小林が思う。	「山本が来る」と小林が思う。	「山本さんが来られる」と小林さんが思われる	0	direct-speech#scrambling		NA#NA
あなたは伊藤に敬語を使いません。あなたと伊藤は渡辺社長に敬語を使います。	「伊藤が帰る」と渡辺社長が知る。	「伊藤が帰る」と渡辺社長がご存じである。	「伊藤が帰る」と渡辺社長がご存知です	1	direct-speech#scrambling		SH#NA
あなたは松本に敬語を使いません。あなたと松本は山本先生に敬語を使います。	「山本先生が来る」と松本が知る。	「山本先生がおいでになる」と松本が知る。	「山本先生が来られる」と松本が知らされました	0	direct-speech#scrambling		NA#SH
あなたは伊藤に敬語を使います。あなたと伊藤は吉田社長に敬語を使います。	「伊藤が読む」と吉田社長が考える。	「伊藤が読む」と吉田社長がお考えになる。	「伊藤さんが読まれる」と吉田社長が考えられる	0	direct-speech#scrambling		SH#NA
あなたは中村社長に敬語を使います。あなたと中村社長は山田様に敬語を使います。	「山田様が受け取る」と中村社長が思う。	「山田様が受け取りなさる」と中村社長がお思いになる。	「山田様に受け取っていただく」と中村社長が思う	0	direct-speech#scrambling		SH#SH
あなたは鈴木に敬語を使いません。あなたと鈴木は山本に敬語を使いません。	山本に鈴木が与えなさる。	山本に鈴木が与える。	山本に鈴木が与えられる	0	scrambling#	SH#	NA#
あなたは木村に敬語を使いません。あなたと木村は林に敬語を使いません。	林に木村がご依頼する。	林に木村が依頼する。	林さんに木村さんがお願いします	0	scrambling#	OH1#	NA#
あなたは佐藤に敬語を使いません。あなたと佐藤は斎藤さんに敬語を使います。	佐藤に斎藤さんがお目にかかる。	佐藤に斎藤さんがお会いになる。	佐藤に斎藤さんがお目にかかられる	0	scrambling#	OH1#	SH#
あなたは山口に敬語を使いません。あなたと山口は渡辺先生に敬語を使います。	渡辺先生に山口がご依頼になる。	渡辺先生に山口がご依頼する。	渡辺先生に山口がお願いになる	0	scrambling#	SH#	OH1#
あなたは斎藤様に敬語を使います。あなたと斎藤様は山本先生に敬語を使います。	斎藤様に山本先生が差し上げる。	斎藤様に山本先生がお与えになる。	斎藤様に山本先生から差し上げられます	1	scrambling#	OH1#	SH#
あなたは佐藤博士に敬語を使います。あなたと佐藤博士は伊藤社長に敬語を使います。	伊藤社長に佐藤博士がお会いになる。	伊藤社長に佐藤博士がお会いする。	伊藤社長に佐藤博士がお会いになられる	0	scrambling#	SH#	OH1#
あなたは鈴木に敬語を使いません。あなたと鈴木は山口に敬語を使いません。	山口を鈴木がお待ちになる。	山口を鈴木が待つ。	山口を鈴木がお待ち申し上げる	0	scrambling#	SH#	NA#
あなたは佐々木に敬語を使いません。あなたと佐々木は山口に敬語を使いません。	山口を佐々木がお待ちする。	山口を佐々木が待つ。	佐々木が山口をお待ちしております	0	scrambling#	OH1#	NA#
あなたは小林に敬語を使いません。あなたと小林は松本先輩に敬語を使います。	小林を松本先輩がご紹介する。	小林を松本先輩が紹介なさる。	小林を松本先輩がご紹介いただきます	0	scrambling#	OH1#	SH#
あなたは高橋に敬語を使いません。あなたと高橋は井上社長に敬語を使います。	井上社長を高橋がお呼びになる。	井上社長を高橋がお呼びする。	井上社長を高橋様がお呼びになる	0	scrambling#	SH#	OH1#
あなたは松本教授に敬語を使います。あなたと松本教授は佐藤さんに敬語を使います。	松本教授を佐藤さんがお呼びする。	松本教授を佐藤さんがお呼びになる。	松本教授を佐藤さんがお招きします	0	scrambling#	OH1#	SH#
あなたは佐々木社長に敬語を使います。あなたと佐々木社長は井上様に敬語を使います。	井上様を佐々木社長がお手伝いになる。	井上様を佐々木社長がお手伝いする。	井上様を佐々木社長がお手伝いになられる	0	scrambling#	SH#	OH1#
あなたは山田に敬語を使いません。あなたと山田は佐々木に敬語を使いません。	山田が佐々木が受け取るとご理解になる。	山田が佐々木が受け取ると理解する。	佐々木さんが受け取るとご理解になります	0	indirect-speech#center-embedding	SH#	NA#NA
あなたは小林に敬語を使いません。あなたと小林は松本に敬語を使いません。	小林が松本が読むとお考えになる。	小林が松本が読むと考える。	小林が松本さんが読むとお考えになる	0	indirect-speech#center-embedding	SH#	NA#NA
あなたは加藤に敬語を使いません。あなたと加藤は中村博士に敬語を使います。	中村博士が加藤が食べると承知する。	中村博士が加藤が食べるとご理解になる。	中村博士が加藤さんが食べることを承知いたします	0	indirect-speech#center-embedding	OH1#NA	SH#NA
あなたは吉田に敬語を使いません。あなたと吉田は渡辺教授に敬語を使います。	吉田が渡辺教授がお受け取りすると知る。	吉田が渡辺教授がお受け取りになると知る。	吉田が渡辺教授にお受け取りいただくことを知りました	1	indirect-speech#center-embedding	NA#OH1	NA#SH
あなたは佐々木社長に敬語を使います。あなたと佐々木社長は木村先輩に敬語を使います。	木村先輩が佐々木社長がご覧になると考える。	木村先輩が佐々木社長がご覧になるとお考えになる。	佐々木社長にご覧になっていただくと考えます	0	indirect-speech#center-embedding	NA#SH	SH#SH
あなたは松本博士に敬語を使います。あなたと松本博士は吉田教授に敬語を使います。	吉田教授が松本博士が受け取るとお考えになる。	吉田教授が松本博士がお受け取りになると考えなさる。	吉田教授が松本博士に受け取っていただくとお考えになる	1	indirect-speech#center-embedding	SH#NA	SH#SH
あなたは加藤教授に敬語を使います。あなたと加藤教授は山本様に敬語を使います。	山本様が加藤教授が行きなさると申し上げる。	山本様が加藤教授がおいでになるとおっしゃる。	山本様が加藤先生が行かれると申し上げます	0	indirect-speech#center-embedding	OH1#SH	SH#SH
あなたは鈴木さんに敬語を使います。あなたと鈴木さんは山口様に敬語を使います。	山口様が鈴木さんがお読みすると思いなさる。	山口様が鈴木さんがお読みになるとお思いになる。	山口様が鈴木さんにお読みいただけると思いなさいます	0	indirect-speech#center-embedding	SH#OH1	SH#SH
あなたは斎藤教授に敬語を使います。あなたと斎藤教授は木村教授に敬語を使います。	木村教授が斎藤教授がお読みすると承知する。	木村教授が斎藤教授がお読みになるとご理解になる。	斎藤教授に、木村教授がご承知いただけると存じます	0	indirect-speech#center-embedding	OH1#OH1	SH#SH
あなたは松本先輩に敬語を使います。あなたと松本先輩は山田教授に敬語を使います。	松本先輩が山田教授が召し上がると理解する。	松本先輩が山田教授がお食べになるとご理解になる。	松本先輩が山田教授に従うと理解します	0	indirect-speech#center-embedding	NA#SH	SH#SH
あなたは伊藤先生に敬語を使います。あなたと伊藤先生は山田さんに敬語を使います。	伊藤先生が山田さんが食べるとおっしゃる。	伊藤先生が山田さんがお食べになるとおっしゃる。	伊藤先生が山田さんが食べるとおっしゃいます	0	indirect-speech#center-embedding	SH#NA	SH#SH
あなたは伊藤博士に敬語を使います。あなたと伊藤博士は吉田さんに敬語を使います。	伊藤博士が吉田さんが行きなさると存じ上げる。	伊藤博士が吉田さんが行きなさるとご存じである。	伊藤博士が吉田さんが行かれると存じ上げます	0	indirect-speech#center-embedding	OH1#SH	SH#SH
あなたは松本教授に敬語を使います。あなたと松本教授は山本さんに敬語を使います。	松本教授が山本さんがお聞きすると理解なさる。	松本教授が山本さんが聞きなさると理解なさる。	松本教授が山本さんの話を聞いて理解される	0	indirect-speech#center-embedding	SH#OH1	SH#SH
あなたは林博士に敬語を使います。あなたと林博士は吉田教授に敬語を使います。	林博士が吉田教授が拝見すると申し上げる。	林博士が吉田教授がご覧になるとおっしゃる。	林博士が吉田教授にお見えになると申し上げます	0	indirect-speech#center-embedding	OH1#OH1	SH#SH
あなたは吉田に敬語を使いません。あなたと吉田は加藤に敬語を使いません。	加藤が行くと吉田がお思いになる。	加藤が行くと吉田が思う。	加藤が行くと、吉田さんがお思いになる	0	indirect-speech#scrambling	SH#NA	NA#NA
あなたは山口に敬語を使いません。あなたと山口は佐藤に敬語を使いません。	佐藤が受け取ると山口が存じ上げる。	佐藤が受け取ると山口が知る。	佐藤が受け取ると山口がご存知です	0	indirect-speech#scrambling	OH1#NA	NA#NA
あなたは佐々木に敬語を使いません。あなたと佐々木は山本に敬語を使いません。	山本がおいでになると佐々木が考える。	山本が来ると佐々木が考える。	山本がお越しになると、佐々木が考えるのではないでしょうか	0	indirect-speech#scrambling	NA#SH	NA#NA
あなたは山本に敬語を使いません。あなたと山本は小林に敬語を使いません。	小林が伺うと山本が言う。	小林が聞くと山本が言う。	小林が伺ったとき、山本が言いました	0	indirect-speech#scrambling	NA#OH1	NA#NA
あなたは渡辺に敬語を使いません。あなたと渡辺は斎藤様に敬語を使います。	渡辺が読むと斎藤様が拝察する。	渡辺が読むと斎藤様が考えなさる。	渡辺が読むと斎藤さまがご拝察される	0	indirect-speech#scrambling	OH1#NA	SH#NA
あなたは佐藤に敬語を使いません。あなたと佐藤は山田先輩に敬語を使います。	山田先輩が伺うと佐藤が考える。	山田先輩が聞きなさると佐藤が考える。	山田先輩が伺ったと佐藤が考える	0	indirect-speech#scrambling	NA#OH1	NA#SH
あなたは渡辺教授に敬語を使います。あなたと渡辺教授は鈴木先生に敬語を使います。	渡辺教授がお帰りになると鈴木先生が理解する。	渡辺教授がお帰りになると鈴木先生が理解なさる。	渡辺教授がお帰りになると、鈴木先生が理解される	1	indirect-speech#scrambling	NA#SH	SH#SH
あなたは渡辺教授に敬語を使います。あなたと渡辺教授は高橋教授に敬語を使います。	渡辺教授が来ると高橋教授がご存じである。	渡辺教授がおいでになると高橋教授が知りなさる。	渡辺教授が来ると高橋教授がお存じである	0	indirect-speech#scrambling	SH#NA	SH#SH
あなたは佐々木さんに敬語を使います。あなたと佐々木さんは田中博士に敬語を使います。	佐々木さんがお帰りになると田中博士が申し上げる。	佐々木さんがお帰りになると田中博士がおっしゃる。	佐々木さんがお帰りになられると、田中博士がおっしゃいます	0	indirect-speech#scrambling	OH1#SH	SH#SH
あなたは小林教授に敬語を使います。あなたと小林教授は山口博士に敬語を使います。	小林教授が頂戴すると山口博士がおっしゃる。	小林教授が召し上がると山口博士がおっしゃる。	小林教授が頂戴すると山口博士がおっしゃいます	0	indirect-speech#scrambling	SH#OH1	SH#SH
あなたは佐々木教授に敬語を使います。あなたと佐々木教授は井上社長に敬語を使います。	佐々木教授がお受け取りすると井上社長が承知する。	佐々木教授が受け取りなさると井上社長がご理解になる。	佐々木教授がお受け取りいただき、井上社長が承知いただきます	0	indirect-speech#scrambling	OH1#OH1	SH#SH
あなたは山口社長に敬語を使います。あなたと山口社長は山本様に敬語を使います。	山本様がご覧になると山口社長が言う。	山本様がご覧になると山口社長がおっしゃる。	山本さまがご覧になられると、山口社長がおっしゃいます	0	indirect-speech#scrambling	NA#SH	SH#SH
あなたは井上社長に敬語を使います。あなたと井上社長は山本社長に敬語を使います。	山本社長が見ると井上社長がご存じである。	山本社長がご覧になると井上社長がご存じである。	井上社長が山本社長をご存知であると思います	0	indirect-speech#scrambling	SH#NA	SH#SH
あなたは松本先輩に敬語を使います。あなたと松本先輩は小林さんに敬語を使います。	小林さんがお受け取りになると松本先輩が拝察する。	小林さんが受け取りなさると松本先輩がお思いになる。	小林さんがお受け取りになると、松本先輩がご拝察される	0	indirect-speech#scrambling	OH1#SH	SH#SH
あなたは山口さんに敬語を使います。あなたと山口さんは伊藤さんに敬語を使います。	伊藤さんがお聞きすると山口さんが理解なさる。	伊藤さんがお聞きになると山口さんがご理解になる。	伊藤さんがお聞きいただくと、山口さんが理解いただけると思います	0	indirect-speech#scrambling	SH#OH1	SH#SH
あなたは加藤教授に敬語を使います。あなたと加藤教授は伊藤先生に敬語を使います。	伊藤先生が伺うと加藤教授が拝察する。	伊藤先生がお聞きになると加藤教授がお考えになる。	伊藤先生が伺うと加藤教授がお見せします	0	indirect-speech#scrambling	OH1#OH1	SH#SH
あなたは小林に敬語を使いません。あなたと小林は山口に敬語を使いません。	小林が「山口が帰る」と考えなさる。	小林が「山口が帰る」と考える。	小林が「山口が帰られる」と考えなさる	0	direct-speech#center-embedding	SH#NA	NA#NA
あなたは井上に敬語を使いません。あなたと井上は山口に敬語を使いません。	井上が「山口が読む」と拝察する。	井上が「山口が読む」と思う。	井上が「山口さんが読む」と拝察される	0	direct-speech#center-embedding	OH1#NA	NA#NA
あなたは伊藤に敬語を使いません。あなたと伊藤は中村に敬語を使いません。	伊藤が「中村がおいでになる」と考える。	伊藤が「中村が来る」と考える。	伊藤が「中村さんがおいでになる」と考える	0	direct-speech#center-embedding	NA#SH	NA#NA
あなたは高橋に敬語を使いません。あなたと高橋は吉田に敬語を使いません。	高橋が「吉田が拝見する」と知る。	高橋が「吉田が見る」と知る。	高橋が「吉田さんがご覧になる」と知る	0	direct-speech#center-embedding	NA#OH1	NA#NA
あなたは中村に敬語を使いません。あなたと中村は佐藤先生に敬語を使います。	佐藤先生が「中村が行く」と拝察する。	佐藤先生が「中村が行く」と考えなさる。	佐藤先生が「中村さんが行かれる」と拝察される	0	direct-speech#center-embedding	OH1#NA	SH#NA
あなたは鈴木に敬語を使いません。あなたと鈴木は斎藤教授に敬語を使います。	鈴木が「斎藤教授が伺う」と理解する。	鈴木が「斎藤教授がおいでになる」と理解する。	鈴木が「斎藤教授がお伺いします」と理解する	0	direct-speech#center-embedding	NA#OH1	NA#SH
あなたは吉田に敬語を使います。あなたと吉田は鈴木さんに敬語を使います。	鈴木さんが「吉田が帰る」と拝察する。	鈴木さんが「吉田が帰る」とお考えになる。	鈴木さんが「吉田さんが帰られる」と拝察される	0	direct-speech#center-embedding	OH1#NA	SH#NA
あなたは斎藤に敬語を使います。あなたと斎藤は松本先輩に敬語を使います。	松本先輩が「斎藤がお帰りになる」と言う。	松本先輩が「斎藤が帰る」とおっしゃる。	斎藤さんがお帰りになられる	0	direct-speech#center-embedding	NA#SH	SH#NA
あなたは井上に敬語を使います。あなたと井上は吉田社長に敬語を使います。	吉田社長が「井上がお読みする」と知る。	吉田社長が「井上が読む」と知りなさる。	井上がお読みいただくと知りました	0	direct-speech#center-embedding	NA#OH1	SH#NA
あなたは木村に敬語を使います。あなたと木村は高橋さんに敬語を使います。	高橋さんが「木村がお帰りになる」とおっしゃる。	高橋さんが「木村が帰る」とおっしゃる。	木村さんがお帰りになるとおっしゃいます	0	direct-speech#center-embedding	SH#SH	SH#NA
あなたは小林さんに敬語を使います。あなたと小林さんは山田さんに敬語を使います。	小林さんが「山田さんがご覧になる」と考える。	小林さんが「山田さんがご覧になる」とお考えになる。	小林さんが「山田さんにご覧になっていただく」と考える	0	direct-speech#center-embedding	NA#SH	SH#SH
あなたは林先生に敬語を使います。あなたと林先生は山田先輩に敬語を使います。	林先生が「山田先輩が帰る」とおっしゃる。	林先生が「山田先輩がお帰りになる」とおっしゃる。	林先生が「山田先輩が帰られる」とおっしゃられる	1	direct-speech#center-embedding	SH#NA	SH#SH
あなたは松本様に敬語を使います。あなたと松本様は吉田さんに敬語を使います。	松本様が「吉田さんが聞きなさる」と承知する。	松本様が「吉田さんがお聞きになる」とご理解になる。	松本様が「吉田さんが聞いていただく」と承知する	0	direct-speech#center-embedding	OH1#SH	SH#SH
あなたは小林さんに敬語を使います。あなたと小林さんは山口さんに敬語を使います。	小林さんが「山口さんがお聞きする」と知りなさる。	小林さんが「山口さんがお聞きになる」と知りなさる。	小林さんが「山口さんにお聞きします」とお知らせいただきました	0	direct-speech#center-embedding	SH#OH1	SH#SH
あなたは佐藤博士に敬語を使います。あなたと佐藤博士は斎藤先生に敬語を使います。	佐藤博士が「斎藤先生がおいとまする」と存じ上げる。	佐藤博士が「斎藤先生がお帰りになる」と知りなさる。	佐藤博士が「斎藤先生がお休みになられる」と存じ上げます	0	direct-speech#center-embedding	OH1#OH1	SH#SH
あなたは林に敬語を使いません。あなたと林は鈴木に敬語を使いません。	「鈴木が見る」と林がおっしゃる。	「鈴木が見る」と林が言う。	「鈴木さんが見られる」と林さんがおっしゃっています	0	direct-speech#scrambling	SH#NA	NA#NA
あなたは山口に敬語を使いません。あなたと山口は林に敬語を使いません。	「林が聞く」と山口が申し上げる。	「林が聞く」と山口が言う。	「林さんが聞かれる」と山口さんが申し上げる	0	direct-speech#scrambling	OH1#NA	NA#NA
あなたは鈴木に敬語を使いません。あなたと鈴木は松本に敬語を使いません。	「松本がお読みになる」と鈴木が思う。	「松本が読む」と鈴木が思う。	「松本さんがお読みになられる」と鈴木さんが思われる	0	direct-speech#scrambling	NA#SH	NA#NA
あなたは渡辺に敬語を使いません。あなたと渡辺は佐々木に敬語を使いません。	「佐々木が伺う」と渡辺が知る。	「佐々木が聞く」と渡辺が知る。	「佐々木が伺っておられる」と渡辺が知る	0	direct-speech#scrambling	NA#OH1	NA#NA
あなたは加藤に敬語を使いません。あなたと加藤は佐々木様に敬語を使います。	「加藤が聞く」と佐々木様が承知する。	「加藤が聞く」と佐々木様が理解なさる。	「加藤が聞く」と佐々木様が承諾しました	0	direct-speech#scrambling	OH1#NA	SH#NA
あなたは田中に敬語を使いません。あなたと田中は木村さんに敬語を使います。	「木村さんがおいとまする」と田中が知る。	「木村さんがお帰りになる」と田中が知る。	「木村さんがお帰りになる」と田中が知りました	1	direct-speech#scrambling	NA#OH1	NA#SH
あなたは山田に敬語を使います。あなたと山田は木村様に敬語を使います。	「山田が帰る」と木村様が拝察する。	「山田が帰る」と木村様が思いなさる。	「山田が帰られる」と木村様が拝察される	0	direct-speech#scrambling	OH1#NA	SH#NA
あなたは伊藤に敬語を使います。あなたと伊藤は山本様に敬語を使います。	「伊藤がお受け取りになる」と山本様が理解する。	「伊藤が受け取る」と山本様が理解なさる。	「伊藤さんがお受け取りになられる」と山本さまが理解される	0	direct-speech#scrambling	NA#SH	SH#NA
あなたは加藤に敬語を使います。あなたと加藤は鈴木先輩に敬語を使います。	「加藤が伺う」と鈴木先輩が知る。	「加藤が来る」と鈴木先輩が知りなさる。	「加藤がお伺いした」と鈴木先輩がご存知でした	0	direct-speech#scrambling	NA#OH1	SH#NA
あなたは山口に敬語を使います。あなたと山口は伊藤先生に敬語を使います。	「山口がご覧になる」と伊藤先生が思いなさる。	「山口が見る」と伊藤先生がお思いになる。	「山口がご覧になられる」と伊藤先生が思われる	0	direct-speech#scrambling	SH#SH	SH#NA
あなたは松本博士に敬語を使います。あなたと松本博士は林社長に敬語を使います。	「林社長がお聞きになる」と松本博士が知る。	「林社長が聞きなさる」と松本博士がご存じである。	「林社長にお聞きになる」と松本博士がご存知です	1	direct-speech#scrambling	NA#SH	SH#SH
あなたは加藤様に敬語を使います。あなたと加藤様は小林社長に敬語を使います。	「小林社長が食べる」と加藤様がおっしゃる。	「小林社長が召し上がる」と加藤様がおっしゃる。	「加藤様が小林社長様が食べる」とおっしゃいます	0	direct-speech#scrambling	SH#NA	SH#SH
あなたは山口先生に敬語を使います。あなたと山口先生は山田博士に敬語を使います。	「山田博士がおいでになる」と山口先生が存じ上げる。	「山田博士がおいでになる」と山口先生がご存じである。	「山田博士がお越しになる」と山口先生が存じ上げました	0	direct-speech#scrambling	OH1#SH	SH#SH
あなたは加藤博士に敬語を使います。あなたと加藤博士は中村先生に敬語を使います。	「中村先生がお受け取りする」と加藤博士がご存じである。	「中村先生がお受け取りになる」と加藤博士がご存じである。	「中村先生が受け取られる」と加藤博士がご存じである	1	direct-speech#scrambling	SH#OH1	SH#SH
あなたは田中社長に敬語を使います。あなたと田中社長は小林教授に敬語を使います。	「小林教授がお読みする」と田中社長が申し上げる。	「小林教授が読みなさる」と田中社長がおっしゃる。	「小林教授がお読みいただく」と田中社長が申し上げる	0	direct-speech#scrambling	OH1#OH1	SH#SH
あなたは木村に敬語を使いません。あなたと木村は山田に敬語を使いません。	山田に木村が与える。	山田に木村が与える。	山田に木村が与えられる	0	scrambling#		NA#
あなたは中村に敬語を使いません。あなたと中村は井上様に敬語を使います。	中村に井上様が感謝する。	中村に井上様が感謝なさる。	中村は井上様に感謝されました	0	scrambling#		SH#
あなたは木村に敬語を使いません。あなたと木村は高橋教授に敬語を使います。	高橋教授に木村が依頼する。	高橋教授に木村がご依頼する。	高橋教授に木村がお願いします	1	scrambling#		OH1#
あなたは渡辺先生に敬語を使います。あなたと渡辺先生は佐藤さんに敬語を使います。	渡辺先生に佐藤さんが依頼する。	渡辺先生に佐藤さんがご依頼になる。	渡辺先生に、佐藤さんからの依頼を受けます	0	scrambling#		SH#
あなたは山本先生に敬語を使います。あなたと山本先生は山田博士に敬語を使います。	山田博士に山本先生が感謝する。	山田博士に山本先生が感謝申し上げる。	山田博士に山本先生が感謝いたします	0	scrambling#		OH1#
あなたは山田に敬語を使いません。あなたと山田は小林に敬語を使いません。	小林を山田が見送る。	小林を山田が見送る。	山田が小林を見送る	1	scrambling#		NA#
あなたは中村に敬語を使いません。あなたと中村は佐々木様に敬語を使います。	中村を佐々木様が見送る。	中村を佐々木様が見送りなさる。	佐々木様が中村を見送られます	1	scrambling#		SH#
あなたは佐藤に敬語を使いません。あなたと佐藤は鈴木社長に敬語を使います。	鈴木社長を佐藤が呼ぶ。	鈴木社長を佐藤がお呼びする。	佐藤が鈴木社長をお呼びになる	0	scrambling#		OH1#
あなたは吉田先輩に敬語を使います。あなたと吉田先輩は田中教授に敬語を使います。	吉田先輩を田中教授が見送る。	吉田先輩を田中教授が見送りなさる。	田中教授が吉田先輩を見送ります	0	scrambling#		SH#
あなたは木村先輩に敬語を使います。あなたと木村先輩は中村さんに敬語を使います。	中村さんを木村先輩が呼ぶ。	中村さんを木村先輩がお呼びする。	中村さんを木村先輩がお呼びになる	0	scrambling#		OH1#
あなたは松本に敬語を使いません。あなたと松本は高橋に敬語を使いません。	松本が高橋が受け取ると思う。	松本が高橋が受け取ると思う。	松本が高橋さんに受け取っていただけると思います	0	indirect-speech#center-embedding		NA#NA
あなたは佐藤に敬語を使いません。あなたと佐藤は木村先輩に敬語を使います。	木村先輩が佐藤が行くと思う。	木村先輩が佐藤が行くとお思いになる。	木村先輩が佐藤さんが行くと思います	0	indirect-speech#center-embedding		SH#NA
あなたは高橋に敬語を使いません。あなたと高橋は佐々木博士に敬語を使います。	高橋が佐々木博士が帰ると思う。	高橋が佐々木博士がお帰りになると思う。	高橋が博士が帰られると思います	0	indirect-speech#center-embedding		NA#SH
あなたは伊藤様に敬語を使います。あなたと伊藤様は高橋先輩に敬語を使います。	高橋先輩が伊藤様が行くと言う。	高橋先輩が伊藤様がおいでになるとおっしゃる。	伊藤さまが行くと言われました	0	indirect-speech#center-embedding		SH#SH
あなたは中村先生に敬語を使います。あなたと中村先生は木村博士に敬語を使います。	中村先生が木村博士が受け取ると思う。	中村先生が木村博士が受け取りなさると思いなさる。	中村先生が木村博士に受け取っていただけると思います	0	indirect-speech#center-embedding		SH#SH
あなたは林に敬語を使いません。あなたと林は田中に敬語を使いません。	田中が読むと林が言う。	田中が読むと林が言う。	田中さんが読むと、林さんが言われました	0	indirect-speech#scrambling		NA#NA
あなたは佐藤に敬語を使いません。あなたと佐藤は吉田様に敬語を使います。	佐藤が見ると吉田様が思う。	佐藤が見ると吉田様がお思いになる。	佐藤が見ると、吉田さまが思われます	1	indirect-speech#scrambling		SH#NA
あなたは田中に敬語を使いません。あなたと田中は斎藤さんに敬語を使います。	斎藤さんが来ると田中が理解する。	斎藤さんがおいでになると田中が理解する。	田中さんが斎藤さんの来訪を理解されると思います	0	indirect-speech#scrambling		NA#SH
あなたは佐藤教授に敬語を使います。あなたと佐藤教授は佐々木社長に敬語を使います。	佐藤教授が見ると佐々木社長が知る。	佐藤教授がご覧になると佐々木社長が知りなさる。	佐藤教授が見たら、佐々木社長がご存知でしょう	0	indirect-speech#scrambling		SH#SH
あなたは井上先輩に敬語を使います。あなたと井上先輩は渡辺博士に敬語を使います。	渡辺博士が聞くと井上先輩が理解する。	渡辺博士が聞きなさると井上先輩がご理解になる。	井上先輩が渡辺博士に聞いて理解されるようにします	0	indirect-speech#scrambling		SH#SH
あなたは山田に敬語を使いません。あなたと山田は鈴木に敬語を使いません。	山田が「鈴木が聞く」と知る。	山田が「鈴木が聞く」と知る。	山田が「鈴木さんが聞かれる」と知らされる	0	direct-speech#center-embedding		NA#NA
あなたは斎藤に敬語を使いません。あなたと斎藤は中村さんに敬語を使います。	中村さんが「斎藤が読む」と理解する。	中村さんが「斎藤が読む」とご理解になる。	中村さんが「斎藤が読んでいる」と理解されます	0	direct-speech#center-embedding		SH#NA
あなたは田中に敬語を使いません。あなたと田中は斎藤様に敬語を使います。	田中が「斎藤様が来る」と思う。	田中が「斎藤様がおいでになる」と思う。	田中が「斎藤さまが来られる」と思われる	0	direct-speech#center-embedding		NA#SH
あなたは渡辺に敬語を使います。あなたと渡辺は高橋教授に敬語を使います。	高橋教授が「渡辺が受け取る」と思う。	高橋教授が「渡辺が受け取る」とお思いになる。	高橋教授が「渡辺さんが受け取られる」と思う	0	direct-speech#center-embedding		SH#NA
あなたは林社長に敬語を使います。あなたと林社長は吉田教授に敬語を使います。	林社長が「吉田教授が帰る」と知る。	林社長が「吉田教授がお帰りになる」とご存じである。	林社長が「吉田教授が帰られる」と知りました	0	direct-speech#center-embedding		SH#SH
あなたは斎藤に敬語を使いません。あなたと斎藤は山田に敬語を使いません。	「山田が見る」と斎藤が考える。	「山田が見る」と斎藤が考える。	「山田さんが見られる」と斎藤さんが考えられる	0	direct-speech#scrambling		NA#NA
あなたは松本に敬語を使いません。あなたと松本は鈴木教授に敬語を使います。	「松本が帰る」と鈴木教授が思う。	「松本が帰る」と鈴木教授が思いなさる。	「松本が帰られる」と鈴木教授が思われる	0	direct-speech#scrambling		SH#NA
あなたは田中に敬語を使いません。あなたと田中は松本先輩に敬語を使います。	「松本先輩が食べる」と田中が言う。	「松本先輩がお食べになる」と田中が言う。	「松本先輩が食べられる」と田中が言いました	1	direct-speech#scrambling		NA#SH
あなたは井上に敬語を使います。あなたと井上は松本社長に敬語を使います。	「井上が見る」と松本社長が知る。	「井上が見る」と松本社長がご存じである。	井上が見たことを松本社長が知らされました	0	direct-speech#scrambling		SH#NA
あなたは高橋先輩に敬語を使います。あなたと高橋先輩は山本博士に敬語を使います。	「山本博士が帰る」と高橋先輩が思う。	「山本博士がお帰りになる」と高橋先輩が思いなさる。	「山本博士が帰られる」と高橋先輩が思われる	1	direct-speech#scrambling		SH#SH
あなたは渡辺に敬語を使いません。あなたと渡辺は山口に敬語を使いません。	山口に渡辺が感謝なさる。	山口に渡辺が感謝する。	山口に渡辺が感謝される	0	scrambling#	SH#	NA#
あなたは林に敬語を使いません。あなたと林は伊藤に敬語を使いません。	伊藤に林が感謝申し上げる。	伊藤に林が感謝する。	伊藤に林が感謝の気持ちを伝える	1	scrambling#	OH1#	NA#
あなたは伊藤に敬語を使いません。あなたと伊藤は高橋教授に敬語を使います。	伊藤に高橋教授がご依頼する。	伊藤に高橋教授がご依頼になる。	伊藤に高橋教授からお願いがあります	0	scrambling#	OH1#	SH#
あなたは伊藤に敬語を使いません。あなたと伊藤は鈴木先輩に敬語を使います。	鈴木先輩に伊藤がお会いになる。	鈴木先輩に伊藤がお会いする。	伊藤が鈴木先輩にお会いになる	0	scrambling#	SH#	OH1#
あなたは斎藤先輩に敬語を使います。あなたと斎藤先輩は木村様に敬語を使います。	斎藤先輩に木村様がお会いする。	斎藤先輩に木村様がお会いになる。	斎藤先輩が木村様にお会いします	1	scrambling#	OH1#	SH#
あなたは加藤先生に敬語を使います。あなたと加藤先生は田中博士に敬語を使います。	田中博士に加藤先生がお会いになる。	田中博士に加藤先生がお会いする。	田中博士に加藤先生がお会いになられる	0	scrambling#	SH#	OH1#
あなたは中村に敬語を使いません。あなたと中村は佐藤に敬語を使いません。	佐藤を中村が呼びなさる。	佐藤を中村が呼ぶ。	中村が佐藤さんを呼びなさいます	0	scrambling#	SH#	NA#
あなたは小林に敬語を使いません。あなたと小林は斎藤に敬語を使いません。	斎藤を小林がお見送りする。	斎藤を小林が見送る。	斎藤を小林がお見送りしてくださいます	0	scrambling#	OH1#	NA#
あなたは木村に敬語を使いません。あなたと木村は山本さんに敬語を使います。	木村を山本さんがご紹介する。	木村を山本さんが紹介なさる。	木村を山本さんがご紹介いただきます	0	scrambling#	OH1#	SH#
あなたは山口に敬語を使いません。あなたと山口は加藤さんに敬語を使います。	加藤さんを山口がお見送りになる。	加藤さんを山口がお見送りする。	山口が加藤さんをお見送りになります	0	scrambling#	SH#	OH1#
あなたは佐々木様に敬語を使います。あなたと佐々木様は松本教授に敬語を使います。	佐々木様を松本教授がお見送りする。	佐々木様を松本教授が見送りなさる。	佐々木様を松本教授がお見送りいただきます	0	scrambling#	OH1#	SH#
あなたは佐々木博士に敬語を使います。あなたと佐々木博士は伊藤先輩に敬語を使います。	伊藤先輩を佐々木博士がご紹介になる。	伊藤先輩を佐々木博士がご紹介する。	伊藤先輩を佐々木博士がご紹介される	0	scrambling#	SH#	OH1#
あなたは田中に敬語を使いません。あなたと田中は鈴木に敬語を使いません。	田中が鈴木が行くとご存じである。	田中が鈴木が行くと知る。	田中さんが鈴木さんが行くとご存じです	0	indirect-speech#center-embedding	SH#	NA#NA
あなたは吉田に敬語を使いません。あなたと吉田は林に敬語を使いません。	吉田が林が食べるとご存じである。	吉田が林が食べると知る。	吉田さんと林さんが食べることをご存じです	0	indirect-speech#center-embedding	SH#	NA#NA
あなたは佐々木に敬語を使いません。あなたと佐々木は吉田様に敬語を使います。	吉田様が佐々木が来ると拝察する。	吉田様が佐々木が来ると考えなさる。	吉田様が佐々木さんが来ると拝察される	0	indirect-speech#center-embedding	OH1#NA	SH#NA
あなたは佐々木に敬語を使いません。あなたと佐々木は加藤先生に敬語を使います。	佐々木が加藤先生がお読みすると思う。	佐々木が加藤先生がお読みになると思う。	佐々木が加藤先生にお読みいただけると思います	0	indirect-speech#center-embedding	NA#OH1	NA#SH
あなたは吉田先生に敬語を使います。あなたと吉田先生は田中さんに敬語を使います。	田中さんが吉田先生がお聞きになると考える。	田中さんが吉田先生が聞きなさるとお考えになる。	田中さんが吉田先生にお聞きになると考える	0	indirect-speech#center-embedding	NA#SH	SH#SH
あなたは佐々木先輩に敬語を使います。あなたと佐々木先輩は山田様に敬語を使います。	山田様が佐々木先輩が食べるとご存じである。	山田様が佐々木先輩が召し上がると知りなさる。	山田様が佐々木さんが食べることをご存じですか	0	indirect-speech#center-embedding	SH#NA	SH#SH
あなたは中村さんに敬語を使います。あなたと中村さんは山田教授に敬語を使います。	山田教授が中村さんがおいでになると存じ上げる。	山田教授が中村さんがおいでになると知りなさる。	中村さんがお越しになることを、山田教授は喜ばれると存じ上げます	0	indirect-speech#center-embedding	OH1#SH	SH#SH
あなたは山本さんに敬語を使います。あなたと山本さんは佐藤教授に敬語を使います。	佐藤教授が山本さんが伺うと思いなさる。	佐藤教授が山本さんが行きなさると思いなさる。	佐藤教授が山本さんに伺っておられると思いなさいます	0	indirect-speech#center-embedding	SH#OH1	SH#SH
あなたは山本博士に敬語を使います。あなたと山本博士は中村博士に敬語を使います。	中村博士が山本博士がお読みすると承知する。	中村博士が山本博士が読みなさるとご理解になる。	中村博士が山本博士にお読みいただくことを承知します	0	indirect-speech#center-embedding	OH1#OH1	SH#SH
あなたは佐々木社長に敬語を使います。あなたと佐々木社長は佐藤教授に敬語を使います。	佐々木社長が佐藤教授が聞きなさると理解する。	佐々木社長が佐藤教授がお聞きになると理解なさる。	佐々木社長は佐藤教授が聞き取ることを理解されると思います	0	indirect-speech#center-embedding	NA#SH	SH#SH
あなたは松本教授に敬語を使います。あなたと松本教授は木村教授に敬語を使います。	松本教授が木村教授が来ると考えなさる。	松本教授が木村教授がおいでになると考えなさる。	松本教授が木村教授が来られると考えられる	0	indirect-speech#center-embedding	SH#NA	SH#SH
あなたは木村社長に敬語を使います。あなたと木村社長は吉田教授に敬語を使います。	木村社長が吉田教授がお帰りになると拝察する。	木村社長が吉田教授がお帰りになると思いなさる。	木村社長が吉田教授がお帰りになられると拝察いたします	0	indirect-speech#center-embedding	OH1#SH	SH#SH
あなたは佐藤博士に敬語を使います。あなたと佐藤博士は松本社長に敬語を使います。	佐藤博士が松本社長がおいとまするとお考えになる。	佐藤博士が松本社長がお帰りになると考えなさる。	佐藤博士が松本社長がおいとまされるとお考えになる	0	indirect-speech#center-embedding	SH#OH1	SH#SH
あなたは小林教授に敬語を使います。あなたと小林教授は佐々木さんに敬語を使います。	小林教授が佐々木さんがお読みすると申し上げる。	小林教授が佐々木さんがお読みになるとおっしゃる。	小林教授が佐々木さんにお読みいただくと申し上げます	0	indirect-speech#center-embedding	OH1#OH1	SH#SH
あなたは渡辺に敬語を使いません。あなたと渡辺は林に敬語を使いません。	林が受け取ると渡辺がお思いになる。	林が受け取ると渡辺が思う。	林が受け取ってくださると、渡辺様がお思いになるでしょう	0	indirect-speech#scrambling	SH#NA	NA#NA
あなたは佐藤に敬語を使いません。あなたと佐藤は吉田に敬語を使いません。	吉田が食べると佐藤が存じ上げる。	吉田が食べると佐藤が知る。	吉田が食べると佐藤さんがご存知ですか	0	indirect-speech#scrambling	OH1#NA	NA#NA
あなたは田中に敬語を使いません。あなたと田中は山口に敬語を使いません。	山口がご覧になると田中が理解する。	山口が見ると田中が理解する。	山口様がご覧になると、田中さんが理解されると思います	0	indirect-speech#scrambling	NA#SH	NA#NA
あなたは松本に敬語を使いません。あなたと松本は加藤に敬語を使いません。	加藤が頂戴すると松本が思う。	加藤が食べると松本が思う。	加藤には松本が思うように頂戴していただきたいと思います	0	indirect-speech#scrambling	NA#OH1	NA#NA
あなたは松本に敬語を使いません。あなたと松本は山本さんに敬語を使います。	松本が帰ると山本さんが拝察する。	松本が帰ると山本さんがお考えになる。	松本が帰ると、山本さんがご拝察される	0	indirect-speech#scrambling	OH1#NA	SH#NA
あなたは吉田に敬語を使いません。あなたと吉田は伊藤さんに敬語を使います。	伊藤さんがお受け取りすると吉田が考える。	伊藤さんが受け取りなさると吉田が考える。	伊藤さんがお受け取りいただくと、吉田様が考えられます	0	indirect-speech#scrambling	NA#OH1	NA#SH
あなたは吉田さんに敬語を使います。あなたと吉田さんは井上様に敬語を使います。	吉田さんがご覧になると井上様が考える。	吉田さんがご覧になると井上様がお考えになる。	吉田さんがご覧になられると、井上様がお考えになられると思います	0	indirect-speech#scrambling	NA#SH	SH#SH
あなたは山口先生に敬語を使います。あなたと山口先生は中村先輩に敬語を使います。	山口先生が受け取ると中村先輩がお思いになる。	山口先生が受け取りなさると中村先輩がお思いになる。	山口先生が受け取ると、中村先輩がお思いになるでしょう	0	indirect-speech#scrambling	SH#NA	SH#SH
あなたは山田社長に敬語を使います。あなたと山田社長は加藤様に敬語を使います。	山田社長がおいでになると加藤様が承知する。	山田社長がおいでになると加藤様がご理解になる。	山田社長がお越しになると、加藤様がご承知いただきます	0	indirect-speech#scrambling	OH1#SH	SH#SH
あなたは井上博士に敬語を使います。あなたと井上博士は高橋教授に敬語を使います。	井上博士が伺うと高橋教授が知りなさる。	井上博士がおいでになると高橋教授がご存じである。	井上博士が伺ったと高橋教授が知らされる	0	indirect-speech#scrambling	SH#OH1	SH#SH
あなたは山本さんに敬語を使います。あなたと山本さんは松本博士に敬語を使います。	山本さんが伺うと松本博士が拝察する。	山本さんが行きなさると松本博士がお思いになる。	山本さんが伺ったところ、松本博士が拝察されました	0	indirect-speech#scrambling	OH1#OH1	SH#SH
あなたは山田先生に敬語を使います。あなたと山田先生は佐藤社長に敬語を使います。	佐藤社長がお読みになると山田先生が言う。	佐藤社長がお読みになると山田先生がおっしゃる。	佐藤社長にお読みになると、山田先生がおっしゃいます	0	indirect-speech#scrambling	NA#SH	SH#SH
あなたは木村先輩に敬語を使います。あなたと木村先輩は高橋様に敬語を使います。	高橋様が聞くと木村先輩がご理解になる。	高橋様がお聞きになると木村先輩が理解なさる。	高橋様が聞かれると木村先輩がご理解いただけると思います	0	indirect-speech#scrambling	SH#NA	SH#SH
あなたは松本博士に敬語を使います。あなたと松本博士は井上先生に敬語を使います。	井上先生がお食べになると松本博士が拝察する。	井上先生がお食べになると松本博士が考えなさる。	井上先生がお食べになられると、松本博士がお拝察させていただきます	0	indirect-speech#scrambling	OH1#SH	SH#SH
あなたは松本さんに敬語を使います。あなたと松本さんは山本さんに敬語を使います。	山本さんが伺うと松本さんが理解なさる。	山本さんがおいでになると松本さんがご理解になる。	山本さんが伺ったと松本さんが理解してくださる	0	indirect-speech#scrambling	SH#OH1	SH#SH
あなたは渡辺教授に敬語を使います。あなたと渡辺教授は鈴木社長に敬語を使います。	鈴木社長が伺うと渡辺教授が申し上げる。	鈴木社長がおいでになると渡辺教授がおっしゃる。	渡辺教授が鈴木社長に申し上げます	0	indirect-speech#scrambling	OH1#OH1	SH#SH
あなたは田中に敬語を使いません。あなたと田中は佐々木に敬語を使いません。	田中が「佐々木が見る」とおっしゃる。	田中が「佐々木が見る」と言う。	佐々木が見られる、とおっしゃる	0	direct-speech#center-embedding	SH#NA	NA#NA
あなたは林に敬語を使いません。あなたと林は渡辺に敬語を使いません。	林が「渡辺が読む」と承知する。	林が「渡辺が読む」と理解する。	林が「渡辺さんが読まれる」と承知される	0	direct-speech#center-embedding	OH1#NA	NA#NA
あなたは山口に敬語を使いません。あなたと山口は山田に敬語を使いません。	山口が「山田が受け取りなさる」と考える。	山口が「山田が受け取る」と考える。	山口が「山田が受け取ってくださる」と考える	0	direct-speech#center-embedding	NA#SH	NA#NA
あなたは加藤に敬語を使いません。あなたと加藤は井上に敬語を使いません。	加藤が「井上が伺う」と知る。	加藤が「井上が聞く」と知る。	加藤が「井上さんがお伺いした」と知る	0	direct-speech#center-embedding	NA#OH1	NA#NA
あなたは加藤に敬語を使いません。あなたと加藤は小林様に敬語を使います。	小林様が「加藤が行く」と承知する。	小林様が「加藤が行く」とご理解になる。	小林様が「加藤さんが行く」と承知されました	0	direct-speech#center-embedding	OH1#NA	SH#NA
あなたは山口に敬語を使いません。あなたと山口は加藤博士に敬語を使います。	山口が「加藤博士がお聞きする」と知る。	山口が「加藤博士がお聞きになる」と知る。	山口が「加藤博士にお聞きします」と知る	0	direct-speech#center-embedding	NA#OH1	NA#SH
あなたは鈴木に敬語を使います。あなたと鈴木は加藤先生に敬語を使います。	加藤先生が「鈴木が行く」と拝察する。	加藤先生が「鈴木が行く」とお思いになる。	加藤先生が「鈴木さんが行く」と拝察される	0	direct-speech#center-embedding	OH1#NA	SH#NA
あなたは井上に敬語を使います。あなたと井上は林博士に敬語を使います。	林博士が「井上がおいでになる」と思う。	林博士が「井上が行く」と思いなさる。	井上さんがお越しになると思います	0	direct-speech#center-embedding	NA#SH	SH#NA
あなたは林に敬語を使います。あなたと林は田中教授に敬語を使います。	田中教授が「林が伺う」と思う。	田中教授が「林が行く」とお思いになる。	林がお伺いします	0	direct-speech#center-embedding	NA#OH1	SH#NA
あなたは小林に敬語を使います。あなたと小林は加藤様に敬語を使います。	加藤様が「小林がお読みになる」と理解なさる。	加藤様が「小林が読む」とご理解になる。	加藤様が「小林さんがお読みになられる」と理解なさった	0	direct-speech#center-embedding	SH#SH	SH#NA
あなたは山口さんに敬語を使います。あなたと山口さんは山田さんに敬語を使います。	山口さんが「山田さんがお帰りになる」と知る。	山口さんが「山田さんがお帰りになる」とご存じである。	山口さんが「山田さんがお帰りになられる」と知らされました	0	direct-speech#center-embedding	NA#SH	SH#SH
あなたは山口博士に敬語を使います。あなたと山口博士は高橋博士に敬語を使います。	山口博士が「高橋博士が食べる」と知りなさる。	山口博士が「高橋博士が召し上がる」と知りなさる。	山口博士が「高橋博士が食べられる」と知らされる	0	direct-speech#center-embedding	SH#NA	SH#SH
あなたは中村様に敬語を使います。あなたと中村様は山口博士に敬語を使います。	中村様が「山口博士が行きなさる」と承知する。	中村様が「山口博士がおいでになる」とご理解になる。	中村様が「山口博士が行かれる」と承知しました	0	direct-speech#center-embedding	OH1#SH	SH#SH
あなたは佐々木教授に敬語を使います。あなたと佐々木教授は鈴木先輩に敬語を使います。	佐々木教授が「鈴木先輩がお受け取りする」とおっしゃる。	佐々木教授が「鈴木先輩が受け取りなさる」とおっしゃる。	佐々木教授が「鈴木先輩にお受け取りいただく」とおっしゃる	1	direct-speech#center-embedding	SH#OH1	SH#SH
あなたは田中社長に敬語を使います。あなたと田中社長は中村社長に敬語を使います。	田中社長が「中村社長がおいとまする」と拝察する。	田中社長が「中村社長がお帰りになる」と思いなさる。	田中社長が「中村社長がお帰りなさいます」と拝察します	0	direct-speech#center-embedding	OH1#OH1	SH#SH
あなたは山本に敬語を使いません。あなたと山本は佐藤に敬語を使いません。	「佐藤が来る」と山本が理解なさる。	「佐藤が来る」と山本が理解する。	「佐藤さんが来られる」と山本さんが理解なさった	0	direct-speech#scrambling	SH#NA	NA#NA
あなたは中村に敬語を使いません。あなたと中村は山口に敬語を使いません。	「山口が行く」と中村が承知する。	「山口が行く」と中村が理解する。	「山口が行く」と中村が承諾しました	0	direct-speech#scrambling	OH1#NA	NA#NA
あなたは山田に敬語を使いません。あなたと山田は松本に敬語を使いません。	「松本が受け取りなさる」と山田が理解する。	「松本が受け取る」と山田が理解する。	「松本さんが受け取られる」と山田さんが理解される	0	direct-speech#scrambling	NA#SH	NA#NA
あなたは渡辺に敬語を使いません。あなたと渡辺は井上に敬語を使いません。	「井上がお受け取りする」と渡辺が考える。	「井上が受け取る」と渡辺が考える。	「井上さんがお受け取りいただく」と渡辺さんが考える	0	direct-speech#scrambling	NA#OH1	NA#NA
あなたは加藤に敬語を使いません。あなたと加藤は小林さんに敬語を使います。	「加藤が聞く」と小林さんが拝察する。	「加藤が聞く」と小林さんが考えなさる。	「加藤さんが聞かれる」と小林さんが拝察される	0	direct-speech#scrambling	OH1#NA	SH#NA
あなたは中村に敬語を使いません。あなたと中村は伊藤博士に敬語を使います。	「伊藤博士がお受け取りする」と中村が言う。	「伊藤博士が受け取りなさる」と中村が言う。	「伊藤博士にお受け取りいただきます」と中村が言いました	1	direct-speech#scrambling	NA#OH1	NA#SH
あなたは山口に敬語を使います。あなたと山口は伊藤様に敬語を使います。	「山口が見る」と伊藤様が拝察する。	「山口が見る」と伊藤様が思いなさる。	「山口が見る」と伊藤様がご覧になる	1	direct-speech#scrambling	OH1#NA	SH#NA
あなたは井上に敬語を使います。あなたと井上は山口様に敬語を使います。	「井上がお帰りになる」と山口様が言う。	「井上が帰る」と山口様がおっしゃる。	「井上さんがお帰りになられる」と山口様が言われました	0	direct-speech#scrambling	NA#SH	SH#NA
あなたは伊藤に敬語を使います。あなたと伊藤は斎藤社長に敬語を使います。	「伊藤が頂戴する」と斎藤社長が知る。	「伊藤が食べる」と斎藤社長が知りなさる。	伊藤が頂いていると斎藤社長にお知らせします	0	direct-speech#scrambling	NA#OH1	SH#NA
あなたは渡辺に敬語を使います。あなたと渡辺は高橋博士に敬語を使います。	「渡辺が受け取りなさる」と高橋博士が知りなさる。	「渡辺が受け取る」と高橋博士がご存じである。	「渡辺さんが受け取られる」と高橋博士にお知らせいたします	0	direct-speech#scrambling	SH#SH	SH#NA
あなたは小林さんに敬語を使います。あなたと小林さんは山本先生に敬語を使います。	「山本先生が聞きなさる」と小林さんが知る。	「山本先生が聞きなさる」と小林さんがご存じである。	「山本先生が聞き取られる」と小林さんが知っています	0	direct-speech#scrambling	NA#SH	SH#SH
あなたは小林社長に敬語を使います。あなたと小林社長は高橋先生に敬語を使います。	「高橋先生が受け取る」と小林社長が思いなさる。	「高橋先生がお受け取りになる」と小林社長がお思いになる。	「高橋先生が受け取られる」と小林社長が思われる	1	direct-speech#scrambling	SH#NA	SH#SH
あなたは斎藤教授に敬語を使います。あなたと斎藤教授は鈴木先輩に敬語を使います。	「鈴木先輩がご覧になる」と斎藤教授が存じ上げる。	「鈴木先輩がご覧になる」と斎藤教授が知りなさる。	「鈴木先輩がご覧になられる」と斎藤教授が存じ上げられる	1	direct-speech#scrambling	OH1#SH	SH#SH
あなたは斎藤さんに敬語を使います。あなたと斎藤さんは松本先輩に敬語を使います。	「松本先輩がお受け取りする」と斎藤さんが理解なさる。	「松本先輩が受け取りなさる」と斎藤さんがご理解になる。	「松本先輩にお受け取りいただく」と斎藤さんが理解される	1	direct-speech#scrambling	SH#OH1	SH#SH
あなたは吉田社長に敬語を使います。あなたと吉田社長は伊藤社長に敬語を使います。	「伊藤社長がお受け取りする」と吉田社長が承知する。	「伊藤社長がお受け取りになる」と吉田社長がご理解になる。	「伊藤社長にお受け取りいただきます」と吉田社長が承知いただきま	0	direct-speech#scrambling	OH1#OH1	SH#SH